[
  {
    "name": "Application Start",
    "start": 1571896455665,
    "end": 1571896457426,
    "duration": 1761,
    "pid": 32893,
    "index": 0
  },
  {
    "name": "Load Plugin",
    "start": 1571896455676,
    "end": 1571896455684,
    "duration": 8,
    "pid": 32893,
    "index": 1
  },
  {
    "name": "Load Config",
    "start": 1571896455684,
    "end": 1571896455699,
    "duration": 15,
    "pid": 32893,
    "index": 2
  },
  {
    "name": "Require(0) config/config.default.js",
    "start": 1571896455684,
    "end": 1571896455685,
    "duration": 1,
    "pid": 32893,
    "index": 3
  },
  {
    "name": "Require(1) node_modules/egg-session/config/config.default.js",
    "start": 1571896455686,
    "end": 1571896455686,
    "duration": 0,
    "pid": 32893,
    "index": 4
  },
  {
    "name": "Require(2) node_modules/egg-security/config/config.default.js",
    "start": 1571896455687,
    "end": 1571896455687,
    "duration": 0,
    "pid": 32893,
    "index": 5
  },
  {
    "name": "Require(3) node_modules/egg-jsonp/config/config.default.js",
    "start": 1571896455688,
    "end": 1571896455689,
    "duration": 1,
    "pid": 32893,
    "index": 6
  },
  {
    "name": "Require(4) node_modules/egg-onerror/config/config.default.js",
    "start": 1571896455689,
    "end": 1571896455689,
    "duration": 0,
    "pid": 32893,
    "index": 7
  },
  {
    "name": "Require(5) node_modules/egg-i18n/config/config.default.js",
    "start": 1571896455689,
    "end": 1571896455689,
    "duration": 0,
    "pid": 32893,
    "index": 8
  },
  {
    "name": "Require(6) node_modules/egg-watcher/config/config.default.js",
    "start": 1571896455690,
    "end": 1571896455690,
    "duration": 0,
    "pid": 32893,
    "index": 9
  },
  {
    "name": "Require(7) node_modules/egg-schedule/config/config.default.js",
    "start": 1571896455690,
    "end": 1571896455690,
    "duration": 0,
    "pid": 32893,
    "index": 10
  },
  {
    "name": "Require(8) node_modules/egg-multipart/config/config.default.js",
    "start": 1571896455690,
    "end": 1571896455691,
    "duration": 1,
    "pid": 32893,
    "index": 11
  },
  {
    "name": "Require(9) node_modules/egg-development/config/config.default.js",
    "start": 1571896455691,
    "end": 1571896455691,
    "duration": 0,
    "pid": 32893,
    "index": 12
  },
  {
    "name": "Require(10) node_modules/egg-logrotator/config/config.default.js",
    "start": 1571896455691,
    "end": 1571896455692,
    "duration": 1,
    "pid": 32893,
    "index": 13
  },
  {
    "name": "Require(11) node_modules/egg-static/config/config.default.js",
    "start": 1571896455692,
    "end": 1571896455692,
    "duration": 0,
    "pid": 32893,
    "index": 14
  },
  {
    "name": "Require(12) node_modules/egg-view/config/config.default.js",
    "start": 1571896455692,
    "end": 1571896455692,
    "duration": 0,
    "pid": 32893,
    "index": 15
  },
  {
    "name": "Require(13) node_modules/egg-mongoose/config/config.default.js",
    "start": 1571896455693,
    "end": 1571896455693,
    "duration": 0,
    "pid": 32893,
    "index": 16
  },
  {
    "name": "Require(14) node_modules/egg-socket.io/config/config.default.js",
    "start": 1571896455693,
    "end": 1571896455693,
    "duration": 0,
    "pid": 32893,
    "index": 17
  },
  {
    "name": "Require(15) node_modules/egg-view-pug/config/config.default.js",
    "start": 1571896455694,
    "end": 1571896455694,
    "duration": 0,
    "pid": 32893,
    "index": 18
  },
  {
    "name": "Require(16) node_modules/egg/config/config.default.js",
    "start": 1571896455694,
    "end": 1571896455694,
    "duration": 0,
    "pid": 32893,
    "index": 19
  },
  {
    "name": "Require(17) config/config.default.js",
    "start": 1571896455696,
    "end": 1571896455696,
    "duration": 0,
    "pid": 32893,
    "index": 20
  },
  {
    "name": "Require(18) node_modules/egg-security/config/config.local.js",
    "start": 1571896455696,
    "end": 1571896455696,
    "duration": 0,
    "pid": 32893,
    "index": 21
  },
  {
    "name": "Require(19) node_modules/egg-watcher/config/config.local.js",
    "start": 1571896455697,
    "end": 1571896455697,
    "duration": 0,
    "pid": 32893,
    "index": 22
  },
  {
    "name": "Require(20) node_modules/egg-view/config/config.local.js",
    "start": 1571896455698,
    "end": 1571896455698,
    "duration": 0,
    "pid": 32893,
    "index": 23
  },
  {
    "name": "Require(21) node_modules/egg-view-pug/config/config.local.js",
    "start": 1571896455698,
    "end": 1571896455698,
    "duration": 0,
    "pid": 32893,
    "index": 24
  },
  {
    "name": "Require(22) node_modules/egg/config/config.local.js",
    "start": 1571896455698,
    "end": 1571896455698,
    "duration": 0,
    "pid": 32893,
    "index": 25
  },
  {
    "name": "Load extend/application.js",
    "start": 1571896455700,
    "end": 1571896455785,
    "duration": 85,
    "pid": 32893,
    "index": 26
  },
  {
    "name": "Require(23) node_modules/egg-session/app/extend/application.js",
    "start": 1571896455702,
    "end": 1571896455702,
    "duration": 0,
    "pid": 32893,
    "index": 27
  },
  {
    "name": "Require(24) node_modules/egg-security/app/extend/application.js",
    "start": 1571896455702,
    "end": 1571896455705,
    "duration": 3,
    "pid": 32893,
    "index": 28
  },
  {
    "name": "Require(25) node_modules/egg-jsonp/app/extend/application.js",
    "start": 1571896455706,
    "end": 1571896455708,
    "duration": 2,
    "pid": 32893,
    "index": 29
  },
  {
    "name": "Require(26) node_modules/egg-logrotator/app/extend/application.js",
    "start": 1571896455709,
    "end": 1571896455712,
    "duration": 3,
    "pid": 32893,
    "index": 30
  },
  {
    "name": "Require(27) node_modules/egg-view/app/extend/application.js",
    "start": 1571896455712,
    "end": 1571896455715,
    "duration": 3,
    "pid": 32893,
    "index": 31
  },
  {
    "name": "Require(28) node_modules/egg-socket.io/app/extend/application.js",
    "start": 1571896455715,
    "end": 1571896455784,
    "duration": 69,
    "pid": 32893,
    "index": 32
  },
  {
    "name": "Load extend/request.js",
    "start": 1571896455785,
    "end": 1571896455792,
    "duration": 7,
    "pid": 32893,
    "index": 33
  },
  {
    "name": "Require(29) node_modules/egg/app/extend/request.js",
    "start": 1571896455789,
    "end": 1571896455790,
    "duration": 1,
    "pid": 32893,
    "index": 34
  },
  {
    "name": "Load extend/response.js",
    "start": 1571896455792,
    "end": 1571896455796,
    "duration": 4,
    "pid": 32893,
    "index": 35
  },
  {
    "name": "Require(30) node_modules/egg/app/extend/response.js",
    "start": 1571896455794,
    "end": 1571896455794,
    "duration": 0,
    "pid": 32893,
    "index": 36
  },
  {
    "name": "Load extend/context.js",
    "start": 1571896455796,
    "end": 1571896455935,
    "duration": 139,
    "pid": 32893,
    "index": 37
  },
  {
    "name": "Require(31) node_modules/egg-security/app/extend/context.js",
    "start": 1571896455796,
    "end": 1571896455815,
    "duration": 19,
    "pid": 32893,
    "index": 38
  },
  {
    "name": "Require(32) node_modules/egg-jsonp/app/extend/context.js",
    "start": 1571896455815,
    "end": 1571896455816,
    "duration": 1,
    "pid": 32893,
    "index": 39
  },
  {
    "name": "Require(33) node_modules/egg-i18n/app/extend/context.js",
    "start": 1571896455816,
    "end": 1571896455816,
    "duration": 0,
    "pid": 32893,
    "index": 40
  },
  {
    "name": "Require(34) node_modules/egg-multipart/app/extend/context.js",
    "start": 1571896455816,
    "end": 1571896455871,
    "duration": 55,
    "pid": 32893,
    "index": 41
  },
  {
    "name": "Require(35) node_modules/egg-view/app/extend/context.js",
    "start": 1571896455927,
    "end": 1571896455928,
    "duration": 1,
    "pid": 32893,
    "index": 42
  },
  {
    "name": "Require(36) node_modules/egg-mongoose/app/extend/context.js",
    "start": 1571896455928,
    "end": 1571896455929,
    "duration": 1,
    "pid": 32893,
    "index": 43
  },
  {
    "name": "Require(37) node_modules/egg/app/extend/context.js",
    "start": 1571896455929,
    "end": 1571896455931,
    "duration": 2,
    "pid": 32893,
    "index": 44
  },
  {
    "name": "Load extend/helper.js",
    "start": 1571896455935,
    "end": 1571896455982,
    "duration": 47,
    "pid": 32893,
    "index": 45
  },
  {
    "name": "Require(38) node_modules/egg-security/app/extend/helper.js",
    "start": 1571896455935,
    "end": 1571896455976,
    "duration": 41,
    "pid": 32893,
    "index": 46
  },
  {
    "name": "Require(39) node_modules/egg/app/extend/helper.js",
    "start": 1571896455977,
    "end": 1571896455978,
    "duration": 1,
    "pid": 32893,
    "index": 47
  },
  {
    "name": "Load app.js",
    "start": 1571896455982,
    "end": 1571896456685,
    "duration": 703,
    "pid": 32893,
    "index": 48
  },
  {
    "name": "Require(40) node_modules/egg-session/app.js",
    "start": 1571896455982,
    "end": 1571896455982,
    "duration": 0,
    "pid": 32893,
    "index": 49
  },
  {
    "name": "Require(41) node_modules/egg-security/app.js",
    "start": 1571896455982,
    "end": 1571896455983,
    "duration": 1,
    "pid": 32893,
    "index": 50
  },
  {
    "name": "Require(42) node_modules/egg-onerror/app.js",
    "start": 1571896455983,
    "end": 1571896456007,
    "duration": 24,
    "pid": 32893,
    "index": 51
  },
  {
    "name": "Require(43) node_modules/egg-i18n/app.js",
    "start": 1571896456008,
    "end": 1571896456013,
    "duration": 5,
    "pid": 32893,
    "index": 52
  },
  {
    "name": "Require(44) node_modules/egg-watcher/app.js",
    "start": 1571896456013,
    "end": 1571896456015,
    "duration": 2,
    "pid": 32893,
    "index": 53
  },
  {
    "name": "Require(45) node_modules/egg-schedule/app.js",
    "start": 1571896456015,
    "end": 1571896456015,
    "duration": 0,
    "pid": 32893,
    "index": 54
  },
  {
    "name": "Require(46) node_modules/egg-multipart/app.js",
    "start": 1571896456017,
    "end": 1571896456020,
    "duration": 3,
    "pid": 32893,
    "index": 55
  },
  {
    "name": "Require(47) node_modules/egg-development/app.js",
    "start": 1571896456021,
    "end": 1571896456021,
    "duration": 0,
    "pid": 32893,
    "index": 56
  },
  {
    "name": "Require(48) node_modules/egg-logrotator/app.js",
    "start": 1571896456021,
    "end": 1571896456022,
    "duration": 1,
    "pid": 32893,
    "index": 57
  },
  {
    "name": "Require(49) node_modules/egg-static/app.js",
    "start": 1571896456022,
    "end": 1571896456022,
    "duration": 0,
    "pid": 32893,
    "index": 58
  },
  {
    "name": "Require(50) node_modules/egg-mongoose/app.js",
    "start": 1571896456022,
    "end": 1571896456022,
    "duration": 0,
    "pid": 32893,
    "index": 59
  },
  {
    "name": "Require(51) node_modules/egg-socket.io/app.js",
    "start": 1571896456022,
    "end": 1571896456116,
    "duration": 94,
    "pid": 32893,
    "index": 60
  },
  {
    "name": "Require(52) node_modules/egg-view-pug/app.js",
    "start": 1571896456116,
    "end": 1571896456685,
    "duration": 569,
    "pid": 32893,
    "index": 61
  },
  {
    "name": "Before Start in node_modules/egg-watcher/lib/init.js:15:14",
    "start": 1571896456696,
    "end": 1571896457425,
    "duration": 729,
    "pid": 32893,
    "index": 62
  },
  {
    "name": "Before Start in node_modules/egg-mongoose/lib/mongoose.js:91:7",
    "start": 1571896457031,
    "end": 1571896457421,
    "duration": 390,
    "pid": 32893,
    "index": 63
  },
  {
    "name": "Before Start in node_modules/egg-mongoose/lib/mongoose.js:49:9",
    "start": 1571896457031,
    "end": 1571896457265,
    "duration": 234,
    "pid": 32893,
    "index": 64
  },
  {
    "name": "Load Controller",
    "start": 1571896457039,
    "end": 1571896457231,
    "duration": 192,
    "pid": 32893,
    "index": 65
  },
  {
    "name": "Load \"controller\" to Application",
    "start": 1571896457039,
    "end": 1571896457231,
    "duration": 192,
    "pid": 32893,
    "index": 66
  },
  {
    "name": "Before Start in node_modules/egg-socket.io/lib/io.js:26:7",
    "start": 1571896457044,
    "end": 1571896457265,
    "duration": 221,
    "pid": 32893,
    "index": 67
  },
  {
    "name": "Load Service",
    "start": 1571896457044,
    "end": 1571896457175,
    "duration": 131,
    "pid": 32893,
    "index": 68
  },
  {
    "name": "Load \"service\" to Context",
    "start": 1571896457044,
    "end": 1571896457175,
    "duration": 131,
    "pid": 32893,
    "index": 69
  },
  {
    "name": "Load Middleware",
    "start": 1571896457176,
    "end": 1571896457231,
    "duration": 55,
    "pid": 32893,
    "index": 70
  },
  {
    "name": "Load \"middlewares\" to Application",
    "start": 1571896457176,
    "end": 1571896457225,
    "duration": 49,
    "pid": 32893,
    "index": 71
  },
  {
    "name": "Load Controller",
    "start": 1571896457231,
    "end": 1571896457234,
    "duration": 3,
    "pid": 32893,
    "index": 72
  },
  {
    "name": "Load \"controller\" to Application",
    "start": 1571896457231,
    "end": 1571896457234,
    "duration": 3,
    "pid": 32893,
    "index": 73
  },
  {
    "name": "Load Router",
    "start": 1571896457234,
    "end": 1571896457237,
    "duration": 3,
    "pid": 32893,
    "index": 74
  },
  {
    "name": "Require(53) app/router.js",
    "start": 1571896457234,
    "end": 1571896457234,
    "duration": 0,
    "pid": 32893,
    "index": 75
  },
  {
    "name": "Before Start in node_modules/egg-core/lib/egg.js:303:10",
    "start": 1571896457235,
    "end": 1571896457265,
    "duration": 30,
    "pid": 32893,
    "index": 76
  },
  {
    "name": "Load \"model\" to Application",
    "start": 1571896457245,
    "end": 1571896457264,
    "duration": 19,
    "pid": 32893,
    "index": 77
  }
]