[
  {
    "name": "Application Start",
    "start": 1571896455620,
    "end": 1571896457594,
    "duration": 1974,
    "pid": 32894,
    "index": 0
  },
  {
    "name": "Load Plugin",
    "start": 1571896455633,
    "end": 1571896455642,
    "duration": 9,
    "pid": 32894,
    "index": 1
  },
  {
    "name": "Load Config",
    "start": 1571896455642,
    "end": 1571896455660,
    "duration": 18,
    "pid": 32894,
    "index": 2
  },
  {
    "name": "Require(0) config/config.default.js",
    "start": 1571896455642,
    "end": 1571896455644,
    "duration": 2,
    "pid": 32894,
    "index": 3
  },
  {
    "name": "Require(1) node_modules/egg-session/config/config.default.js",
    "start": 1571896455646,
    "end": 1571896455646,
    "duration": 0,
    "pid": 32894,
    "index": 4
  },
  {
    "name": "Require(2) node_modules/egg-security/config/config.default.js",
    "start": 1571896455646,
    "end": 1571896455648,
    "duration": 2,
    "pid": 32894,
    "index": 5
  },
  {
    "name": "Require(3) node_modules/egg-jsonp/config/config.default.js",
    "start": 1571896455648,
    "end": 1571896455648,
    "duration": 0,
    "pid": 32894,
    "index": 6
  },
  {
    "name": "Require(4) node_modules/egg-onerror/config/config.default.js",
    "start": 1571896455649,
    "end": 1571896455649,
    "duration": 0,
    "pid": 32894,
    "index": 7
  },
  {
    "name": "Require(5) node_modules/egg-i18n/config/config.default.js",
    "start": 1571896455649,
    "end": 1571896455649,
    "duration": 0,
    "pid": 32894,
    "index": 8
  },
  {
    "name": "Require(6) node_modules/egg-watcher/config/config.default.js",
    "start": 1571896455650,
    "end": 1571896455650,
    "duration": 0,
    "pid": 32894,
    "index": 9
  },
  {
    "name": "Require(7) node_modules/egg-schedule/config/config.default.js",
    "start": 1571896455651,
    "end": 1571896455651,
    "duration": 0,
    "pid": 32894,
    "index": 10
  },
  {
    "name": "Require(8) node_modules/egg-multipart/config/config.default.js",
    "start": 1571896455651,
    "end": 1571896455651,
    "duration": 0,
    "pid": 32894,
    "index": 11
  },
  {
    "name": "Require(9) node_modules/egg-development/config/config.default.js",
    "start": 1571896455652,
    "end": 1571896455652,
    "duration": 0,
    "pid": 32894,
    "index": 12
  },
  {
    "name": "Require(10) node_modules/egg-logrotator/config/config.default.js",
    "start": 1571896455652,
    "end": 1571896455652,
    "duration": 0,
    "pid": 32894,
    "index": 13
  },
  {
    "name": "Require(11) node_modules/egg-static/config/config.default.js",
    "start": 1571896455652,
    "end": 1571896455653,
    "duration": 1,
    "pid": 32894,
    "index": 14
  },
  {
    "name": "Require(12) node_modules/egg-view/config/config.default.js",
    "start": 1571896455653,
    "end": 1571896455653,
    "duration": 0,
    "pid": 32894,
    "index": 15
  },
  {
    "name": "Require(13) node_modules/egg-mongoose/config/config.default.js",
    "start": 1571896455654,
    "end": 1571896455654,
    "duration": 0,
    "pid": 32894,
    "index": 16
  },
  {
    "name": "Require(14) node_modules/egg-socket.io/config/config.default.js",
    "start": 1571896455655,
    "end": 1571896455655,
    "duration": 0,
    "pid": 32894,
    "index": 17
  },
  {
    "name": "Require(15) node_modules/egg-view-pug/config/config.default.js",
    "start": 1571896455655,
    "end": 1571896455655,
    "duration": 0,
    "pid": 32894,
    "index": 18
  },
  {
    "name": "Require(16) node_modules/egg/config/config.default.js",
    "start": 1571896455655,
    "end": 1571896455656,
    "duration": 1,
    "pid": 32894,
    "index": 19
  },
  {
    "name": "Require(17) config/config.default.js",
    "start": 1571896455657,
    "end": 1571896455657,
    "duration": 0,
    "pid": 32894,
    "index": 20
  },
  {
    "name": "Require(18) node_modules/egg-security/config/config.local.js",
    "start": 1571896455658,
    "end": 1571896455658,
    "duration": 0,
    "pid": 32894,
    "index": 21
  },
  {
    "name": "Require(19) node_modules/egg-watcher/config/config.local.js",
    "start": 1571896455658,
    "end": 1571896455658,
    "duration": 0,
    "pid": 32894,
    "index": 22
  },
  {
    "name": "Require(20) node_modules/egg-view/config/config.local.js",
    "start": 1571896455659,
    "end": 1571896455659,
    "duration": 0,
    "pid": 32894,
    "index": 23
  },
  {
    "name": "Require(21) node_modules/egg-view-pug/config/config.local.js",
    "start": 1571896455659,
    "end": 1571896455659,
    "duration": 0,
    "pid": 32894,
    "index": 24
  },
  {
    "name": "Require(22) node_modules/egg/config/config.local.js",
    "start": 1571896455660,
    "end": 1571896455660,
    "duration": 0,
    "pid": 32894,
    "index": 25
  },
  {
    "name": "Load extend/application.js",
    "start": 1571896455662,
    "end": 1571896455766,
    "duration": 104,
    "pid": 32894,
    "index": 26
  },
  {
    "name": "Require(23) node_modules/egg-session/app/extend/application.js",
    "start": 1571896455662,
    "end": 1571896455663,
    "duration": 1,
    "pid": 32894,
    "index": 27
  },
  {
    "name": "Require(24) node_modules/egg-security/app/extend/application.js",
    "start": 1571896455663,
    "end": 1571896455663,
    "duration": 0,
    "pid": 32894,
    "index": 28
  },
  {
    "name": "Require(25) node_modules/egg-jsonp/app/extend/application.js",
    "start": 1571896455663,
    "end": 1571896455664,
    "duration": 1,
    "pid": 32894,
    "index": 29
  },
  {
    "name": "Require(26) node_modules/egg-logrotator/app/extend/application.js",
    "start": 1571896455665,
    "end": 1571896455668,
    "duration": 3,
    "pid": 32894,
    "index": 30
  },
  {
    "name": "Require(27) node_modules/egg-view/app/extend/application.js",
    "start": 1571896455668,
    "end": 1571896455669,
    "duration": 1,
    "pid": 32894,
    "index": 31
  },
  {
    "name": "Require(28) node_modules/egg-socket.io/app/extend/application.js",
    "start": 1571896455669,
    "end": 1571896455765,
    "duration": 96,
    "pid": 32894,
    "index": 32
  },
  {
    "name": "Load extend/request.js",
    "start": 1571896455766,
    "end": 1571896455768,
    "duration": 2,
    "pid": 32894,
    "index": 33
  },
  {
    "name": "Require(29) node_modules/egg/app/extend/request.js",
    "start": 1571896455767,
    "end": 1571896455767,
    "duration": 0,
    "pid": 32894,
    "index": 34
  },
  {
    "name": "Load extend/response.js",
    "start": 1571896455768,
    "end": 1571896455771,
    "duration": 3,
    "pid": 32894,
    "index": 35
  },
  {
    "name": "Require(30) node_modules/egg/app/extend/response.js",
    "start": 1571896455770,
    "end": 1571896455770,
    "duration": 0,
    "pid": 32894,
    "index": 36
  },
  {
    "name": "Load extend/context.js",
    "start": 1571896455771,
    "end": 1571896455897,
    "duration": 126,
    "pid": 32894,
    "index": 37
  },
  {
    "name": "Require(31) node_modules/egg-security/app/extend/context.js",
    "start": 1571896455772,
    "end": 1571896455778,
    "duration": 6,
    "pid": 32894,
    "index": 38
  },
  {
    "name": "Require(32) node_modules/egg-jsonp/app/extend/context.js",
    "start": 1571896455778,
    "end": 1571896455779,
    "duration": 1,
    "pid": 32894,
    "index": 39
  },
  {
    "name": "Require(33) node_modules/egg-i18n/app/extend/context.js",
    "start": 1571896455779,
    "end": 1571896455779,
    "duration": 0,
    "pid": 32894,
    "index": 40
  },
  {
    "name": "Require(34) node_modules/egg-multipart/app/extend/context.js",
    "start": 1571896455779,
    "end": 1571896455890,
    "duration": 111,
    "pid": 32894,
    "index": 41
  },
  {
    "name": "Require(35) node_modules/egg-view/app/extend/context.js",
    "start": 1571896455891,
    "end": 1571896455892,
    "duration": 1,
    "pid": 32894,
    "index": 42
  },
  {
    "name": "Require(36) node_modules/egg-mongoose/app/extend/context.js",
    "start": 1571896455894,
    "end": 1571896455894,
    "duration": 0,
    "pid": 32894,
    "index": 43
  },
  {
    "name": "Require(37) node_modules/egg/app/extend/context.js",
    "start": 1571896455894,
    "end": 1571896455896,
    "duration": 2,
    "pid": 32894,
    "index": 44
  },
  {
    "name": "Load extend/helper.js",
    "start": 1571896455898,
    "end": 1571896455947,
    "duration": 49,
    "pid": 32894,
    "index": 45
  },
  {
    "name": "Require(38) node_modules/egg-security/app/extend/helper.js",
    "start": 1571896455898,
    "end": 1571896455914,
    "duration": 16,
    "pid": 32894,
    "index": 46
  },
  {
    "name": "Require(39) node_modules/egg/app/extend/helper.js",
    "start": 1571896455915,
    "end": 1571896455915,
    "duration": 0,
    "pid": 32894,
    "index": 47
  },
  {
    "name": "Load app.js",
    "start": 1571896455948,
    "end": 1571896456622,
    "duration": 674,
    "pid": 32894,
    "index": 48
  },
  {
    "name": "Require(40) node_modules/egg-session/app.js",
    "start": 1571896455948,
    "end": 1571896455948,
    "duration": 0,
    "pid": 32894,
    "index": 49
  },
  {
    "name": "Require(41) node_modules/egg-security/app.js",
    "start": 1571896455948,
    "end": 1571896455949,
    "duration": 1,
    "pid": 32894,
    "index": 50
  },
  {
    "name": "Require(42) node_modules/egg-onerror/app.js",
    "start": 1571896455949,
    "end": 1571896455955,
    "duration": 6,
    "pid": 32894,
    "index": 51
  },
  {
    "name": "Require(43) node_modules/egg-i18n/app.js",
    "start": 1571896455955,
    "end": 1571896455989,
    "duration": 34,
    "pid": 32894,
    "index": 52
  },
  {
    "name": "Require(44) node_modules/egg-watcher/app.js",
    "start": 1571896455989,
    "end": 1571896455991,
    "duration": 2,
    "pid": 32894,
    "index": 53
  },
  {
    "name": "Require(45) node_modules/egg-schedule/app.js",
    "start": 1571896455991,
    "end": 1571896455993,
    "duration": 2,
    "pid": 32894,
    "index": 54
  },
  {
    "name": "Require(46) node_modules/egg-multipart/app.js",
    "start": 1571896455993,
    "end": 1571896455994,
    "duration": 1,
    "pid": 32894,
    "index": 55
  },
  {
    "name": "Require(47) node_modules/egg-development/app.js",
    "start": 1571896455994,
    "end": 1571896455994,
    "duration": 0,
    "pid": 32894,
    "index": 56
  },
  {
    "name": "Require(48) node_modules/egg-logrotator/app.js",
    "start": 1571896455994,
    "end": 1571896455995,
    "duration": 1,
    "pid": 32894,
    "index": 57
  },
  {
    "name": "Require(49) node_modules/egg-static/app.js",
    "start": 1571896455995,
    "end": 1571896455995,
    "duration": 0,
    "pid": 32894,
    "index": 58
  },
  {
    "name": "Require(50) node_modules/egg-mongoose/app.js",
    "start": 1571896455995,
    "end": 1571896455996,
    "duration": 1,
    "pid": 32894,
    "index": 59
  },
  {
    "name": "Require(51) node_modules/egg-socket.io/app.js",
    "start": 1571896455996,
    "end": 1571896456079,
    "duration": 83,
    "pid": 32894,
    "index": 60
  },
  {
    "name": "Require(52) node_modules/egg-view-pug/app.js",
    "start": 1571896456079,
    "end": 1571896456622,
    "duration": 543,
    "pid": 32894,
    "index": 61
  },
  {
    "name": "Before Start in node_modules/egg-watcher/lib/init.js:15:14",
    "start": 1571896456630,
    "end": 1571896457545,
    "duration": 915,
    "pid": 32894,
    "index": 62
  },
  {
    "name": "Before Start in node_modules/egg-mongoose/lib/mongoose.js:91:7",
    "start": 1571896457139,
    "end": 1571896457590,
    "duration": 451,
    "pid": 32894,
    "index": 63
  },
  {
    "name": "Before Start in node_modules/egg-mongoose/lib/mongoose.js:49:9",
    "start": 1571896457139,
    "end": 1571896457531,
    "duration": 392,
    "pid": 32894,
    "index": 64
  },
  {
    "name": "Load Controller",
    "start": 1571896457146,
    "end": 1571896457444,
    "duration": 298,
    "pid": 32894,
    "index": 65
  },
  {
    "name": "Load \"controller\" to Application",
    "start": 1571896457146,
    "end": 1571896457444,
    "duration": 298,
    "pid": 32894,
    "index": 66
  },
  {
    "name": "Before Start in node_modules/egg-socket.io/lib/io.js:26:7",
    "start": 1571896457217,
    "end": 1571896457531,
    "duration": 314,
    "pid": 32894,
    "index": 67
  },
  {
    "name": "Load Service",
    "start": 1571896457218,
    "end": 1571896457338,
    "duration": 120,
    "pid": 32894,
    "index": 68
  },
  {
    "name": "Load \"service\" to Context",
    "start": 1571896457218,
    "end": 1571896457338,
    "duration": 120,
    "pid": 32894,
    "index": 69
  },
  {
    "name": "Load Middleware",
    "start": 1571896457339,
    "end": 1571896457444,
    "duration": 105,
    "pid": 32894,
    "index": 70
  },
  {
    "name": "Load \"middlewares\" to Application",
    "start": 1571896457339,
    "end": 1571896457427,
    "duration": 88,
    "pid": 32894,
    "index": 71
  },
  {
    "name": "Load Controller",
    "start": 1571896457444,
    "end": 1571896457455,
    "duration": 11,
    "pid": 32894,
    "index": 72
  },
  {
    "name": "Load \"controller\" to Application",
    "start": 1571896457444,
    "end": 1571896457455,
    "duration": 11,
    "pid": 32894,
    "index": 73
  },
  {
    "name": "Load Router",
    "start": 1571896457455,
    "end": 1571896457470,
    "duration": 15,
    "pid": 32894,
    "index": 74
  },
  {
    "name": "Require(53) app/router.js",
    "start": 1571896457455,
    "end": 1571896457455,
    "duration": 0,
    "pid": 32894,
    "index": 75
  },
  {
    "name": "Before Start in node_modules/egg-core/lib/egg.js:303:10",
    "start": 1571896457456,
    "end": 1571896457531,
    "duration": 75,
    "pid": 32894,
    "index": 76
  },
  {
    "name": "Load \"model\" to Application",
    "start": 1571896457484,
    "end": 1571896457530,
    "duration": 46,
    "pid": 32894,
    "index": 77
  }
]