[
  {
    "name": "Application Start",
    "start": 1571896455646,
    "end": 1571896457392,
    "duration": 1746,
    "pid": 32892,
    "index": 0
  },
  {
    "name": "Load Plugin",
    "start": 1571896455654,
    "end": 1571896455664,
    "duration": 10,
    "pid": 32892,
    "index": 1
  },
  {
    "name": "Load Config",
    "start": 1571896455664,
    "end": 1571896455757,
    "duration": 93,
    "pid": 32892,
    "index": 2
  },
  {
    "name": "Require(0) config/config.default.js",
    "start": 1571896455664,
    "end": 1571896455664,
    "duration": 0,
    "pid": 32892,
    "index": 3
  },
  {
    "name": "Require(1) node_modules/egg-session/config/config.default.js",
    "start": 1571896455709,
    "end": 1571896455710,
    "duration": 1,
    "pid": 32892,
    "index": 4
  },
  {
    "name": "Require(2) node_modules/egg-security/config/config.default.js",
    "start": 1571896455710,
    "end": 1571896455710,
    "duration": 0,
    "pid": 32892,
    "index": 5
  },
  {
    "name": "Require(3) node_modules/egg-jsonp/config/config.default.js",
    "start": 1571896455713,
    "end": 1571896455714,
    "duration": 1,
    "pid": 32892,
    "index": 6
  },
  {
    "name": "Require(4) node_modules/egg-onerror/config/config.default.js",
    "start": 1571896455714,
    "end": 1571896455714,
    "duration": 0,
    "pid": 32892,
    "index": 7
  },
  {
    "name": "Require(5) node_modules/egg-i18n/config/config.default.js",
    "start": 1571896455714,
    "end": 1571896455714,
    "duration": 0,
    "pid": 32892,
    "index": 8
  },
  {
    "name": "Require(6) node_modules/egg-watcher/config/config.default.js",
    "start": 1571896455715,
    "end": 1571896455716,
    "duration": 1,
    "pid": 32892,
    "index": 9
  },
  {
    "name": "Require(7) node_modules/egg-schedule/config/config.default.js",
    "start": 1571896455719,
    "end": 1571896455719,
    "duration": 0,
    "pid": 32892,
    "index": 10
  },
  {
    "name": "Require(8) node_modules/egg-multipart/config/config.default.js",
    "start": 1571896455720,
    "end": 1571896455720,
    "duration": 0,
    "pid": 32892,
    "index": 11
  },
  {
    "name": "Require(9) node_modules/egg-development/config/config.default.js",
    "start": 1571896455721,
    "end": 1571896455722,
    "duration": 1,
    "pid": 32892,
    "index": 12
  },
  {
    "name": "Require(10) node_modules/egg-logrotator/config/config.default.js",
    "start": 1571896455722,
    "end": 1571896455722,
    "duration": 0,
    "pid": 32892,
    "index": 13
  },
  {
    "name": "Require(11) node_modules/egg-static/config/config.default.js",
    "start": 1571896455722,
    "end": 1571896455723,
    "duration": 1,
    "pid": 32892,
    "index": 14
  },
  {
    "name": "Require(12) node_modules/egg-view/config/config.default.js",
    "start": 1571896455723,
    "end": 1571896455724,
    "duration": 1,
    "pid": 32892,
    "index": 15
  },
  {
    "name": "Require(13) node_modules/egg-mongoose/config/config.default.js",
    "start": 1571896455724,
    "end": 1571896455724,
    "duration": 0,
    "pid": 32892,
    "index": 16
  },
  {
    "name": "Require(14) node_modules/egg-socket.io/config/config.default.js",
    "start": 1571896455724,
    "end": 1571896455725,
    "duration": 1,
    "pid": 32892,
    "index": 17
  },
  {
    "name": "Require(15) node_modules/egg-view-pug/config/config.default.js",
    "start": 1571896455725,
    "end": 1571896455726,
    "duration": 1,
    "pid": 32892,
    "index": 18
  },
  {
    "name": "Require(16) node_modules/egg/config/config.default.js",
    "start": 1571896455726,
    "end": 1571896455726,
    "duration": 0,
    "pid": 32892,
    "index": 19
  },
  {
    "name": "Require(17) config/config.default.js",
    "start": 1571896455730,
    "end": 1571896455730,
    "duration": 0,
    "pid": 32892,
    "index": 20
  },
  {
    "name": "Require(18) node_modules/egg-security/config/config.local.js",
    "start": 1571896455730,
    "end": 1571896455730,
    "duration": 0,
    "pid": 32892,
    "index": 21
  },
  {
    "name": "Require(19) node_modules/egg-watcher/config/config.local.js",
    "start": 1571896455731,
    "end": 1571896455731,
    "duration": 0,
    "pid": 32892,
    "index": 22
  },
  {
    "name": "Require(20) node_modules/egg-view/config/config.local.js",
    "start": 1571896455756,
    "end": 1571896455756,
    "duration": 0,
    "pid": 32892,
    "index": 23
  },
  {
    "name": "Require(21) node_modules/egg-view-pug/config/config.local.js",
    "start": 1571896455757,
    "end": 1571896455757,
    "duration": 0,
    "pid": 32892,
    "index": 24
  },
  {
    "name": "Require(22) node_modules/egg/config/config.local.js",
    "start": 1571896455757,
    "end": 1571896455757,
    "duration": 0,
    "pid": 32892,
    "index": 25
  },
  {
    "name": "Load extend/application.js",
    "start": 1571896455758,
    "end": 1571896455834,
    "duration": 76,
    "pid": 32892,
    "index": 26
  },
  {
    "name": "Require(23) node_modules/egg-session/app/extend/application.js",
    "start": 1571896455759,
    "end": 1571896455760,
    "duration": 1,
    "pid": 32892,
    "index": 27
  },
  {
    "name": "Require(24) node_modules/egg-security/app/extend/application.js",
    "start": 1571896455760,
    "end": 1571896455760,
    "duration": 0,
    "pid": 32892,
    "index": 28
  },
  {
    "name": "Require(25) node_modules/egg-jsonp/app/extend/application.js",
    "start": 1571896455760,
    "end": 1571896455762,
    "duration": 2,
    "pid": 32892,
    "index": 29
  },
  {
    "name": "Require(26) node_modules/egg-logrotator/app/extend/application.js",
    "start": 1571896455764,
    "end": 1571896455767,
    "duration": 3,
    "pid": 32892,
    "index": 30
  },
  {
    "name": "Require(27) node_modules/egg-view/app/extend/application.js",
    "start": 1571896455767,
    "end": 1571896455768,
    "duration": 1,
    "pid": 32892,
    "index": 31
  },
  {
    "name": "Require(28) node_modules/egg-socket.io/app/extend/application.js",
    "start": 1571896455768,
    "end": 1571896455816,
    "duration": 48,
    "pid": 32892,
    "index": 32
  },
  {
    "name": "Load extend/request.js",
    "start": 1571896455834,
    "end": 1571896455850,
    "duration": 16,
    "pid": 32892,
    "index": 33
  },
  {
    "name": "Require(29) node_modules/egg/app/extend/request.js",
    "start": 1571896455835,
    "end": 1571896455836,
    "duration": 1,
    "pid": 32892,
    "index": 34
  },
  {
    "name": "Load extend/response.js",
    "start": 1571896455850,
    "end": 1571896455856,
    "duration": 6,
    "pid": 32892,
    "index": 35
  },
  {
    "name": "Require(30) node_modules/egg/app/extend/response.js",
    "start": 1571896455852,
    "end": 1571896455852,
    "duration": 0,
    "pid": 32892,
    "index": 36
  },
  {
    "name": "Load extend/context.js",
    "start": 1571896455856,
    "end": 1571896455999,
    "duration": 143,
    "pid": 32892,
    "index": 37
  },
  {
    "name": "Require(31) node_modules/egg-security/app/extend/context.js",
    "start": 1571896455856,
    "end": 1571896455863,
    "duration": 7,
    "pid": 32892,
    "index": 38
  },
  {
    "name": "Require(32) node_modules/egg-jsonp/app/extend/context.js",
    "start": 1571896455864,
    "end": 1571896455864,
    "duration": 0,
    "pid": 32892,
    "index": 39
  },
  {
    "name": "Require(33) node_modules/egg-i18n/app/extend/context.js",
    "start": 1571896455864,
    "end": 1571896455865,
    "duration": 1,
    "pid": 32892,
    "index": 40
  },
  {
    "name": "Require(34) node_modules/egg-multipart/app/extend/context.js",
    "start": 1571896455865,
    "end": 1571896455996,
    "duration": 131,
    "pid": 32892,
    "index": 41
  },
  {
    "name": "Require(35) node_modules/egg-view/app/extend/context.js",
    "start": 1571896455996,
    "end": 1571896455996,
    "duration": 0,
    "pid": 32892,
    "index": 42
  },
  {
    "name": "Require(36) node_modules/egg-mongoose/app/extend/context.js",
    "start": 1571896455996,
    "end": 1571896455997,
    "duration": 1,
    "pid": 32892,
    "index": 43
  },
  {
    "name": "Require(37) node_modules/egg/app/extend/context.js",
    "start": 1571896455997,
    "end": 1571896455997,
    "duration": 0,
    "pid": 32892,
    "index": 44
  },
  {
    "name": "Load extend/helper.js",
    "start": 1571896456007,
    "end": 1571896456055,
    "duration": 48,
    "pid": 32892,
    "index": 45
  },
  {
    "name": "Require(38) node_modules/egg-security/app/extend/helper.js",
    "start": 1571896456008,
    "end": 1571896456017,
    "duration": 9,
    "pid": 32892,
    "index": 46
  },
  {
    "name": "Require(39) node_modules/egg/app/extend/helper.js",
    "start": 1571896456019,
    "end": 1571896456019,
    "duration": 0,
    "pid": 32892,
    "index": 47
  },
  {
    "name": "Load app.js",
    "start": 1571896456055,
    "end": 1571896456688,
    "duration": 633,
    "pid": 32892,
    "index": 48
  },
  {
    "name": "Require(40) node_modules/egg-session/app.js",
    "start": 1571896456055,
    "end": 1571896456055,
    "duration": 0,
    "pid": 32892,
    "index": 49
  },
  {
    "name": "Require(41) node_modules/egg-security/app.js",
    "start": 1571896456055,
    "end": 1571896456057,
    "duration": 2,
    "pid": 32892,
    "index": 50
  },
  {
    "name": "Require(42) node_modules/egg-onerror/app.js",
    "start": 1571896456061,
    "end": 1571896456065,
    "duration": 4,
    "pid": 32892,
    "index": 51
  },
  {
    "name": "Require(43) node_modules/egg-i18n/app.js",
    "start": 1571896456065,
    "end": 1571896456069,
    "duration": 4,
    "pid": 32892,
    "index": 52
  },
  {
    "name": "Require(44) node_modules/egg-watcher/app.js",
    "start": 1571896456072,
    "end": 1571896456073,
    "duration": 1,
    "pid": 32892,
    "index": 53
  },
  {
    "name": "Require(45) node_modules/egg-schedule/app.js",
    "start": 1571896456073,
    "end": 1571896456074,
    "duration": 1,
    "pid": 32892,
    "index": 54
  },
  {
    "name": "Require(46) node_modules/egg-multipart/app.js",
    "start": 1571896456074,
    "end": 1571896456075,
    "duration": 1,
    "pid": 32892,
    "index": 55
  },
  {
    "name": "Require(47) node_modules/egg-development/app.js",
    "start": 1571896456075,
    "end": 1571896456075,
    "duration": 0,
    "pid": 32892,
    "index": 56
  },
  {
    "name": "Require(48) node_modules/egg-logrotator/app.js",
    "start": 1571896456075,
    "end": 1571896456076,
    "duration": 1,
    "pid": 32892,
    "index": 57
  },
  {
    "name": "Require(49) node_modules/egg-static/app.js",
    "start": 1571896456076,
    "end": 1571896456076,
    "duration": 0,
    "pid": 32892,
    "index": 58
  },
  {
    "name": "Require(50) node_modules/egg-mongoose/app.js",
    "start": 1571896456076,
    "end": 1571896456076,
    "duration": 0,
    "pid": 32892,
    "index": 59
  },
  {
    "name": "Require(51) node_modules/egg-socket.io/app.js",
    "start": 1571896456076,
    "end": 1571896456173,
    "duration": 97,
    "pid": 32892,
    "index": 60
  },
  {
    "name": "Require(52) node_modules/egg-view-pug/app.js",
    "start": 1571896456174,
    "end": 1571896456688,
    "duration": 514,
    "pid": 32892,
    "index": 61
  },
  {
    "name": "Before Start in node_modules/egg-watcher/lib/init.js:15:14",
    "start": 1571896456697,
    "end": 1571896457391,
    "duration": 694,
    "pid": 32892,
    "index": 62
  },
  {
    "name": "Before Start in node_modules/egg-mongoose/lib/mongoose.js:91:7",
    "start": 1571896457031,
    "end": 1571896457387,
    "duration": 356,
    "pid": 32892,
    "index": 63
  },
  {
    "name": "Before Start in node_modules/egg-mongoose/lib/mongoose.js:49:9",
    "start": 1571896457031,
    "end": 1571896457349,
    "duration": 318,
    "pid": 32892,
    "index": 64
  },
  {
    "name": "Load Controller",
    "start": 1571896457040,
    "end": 1571896457231,
    "duration": 191,
    "pid": 32892,
    "index": 65
  },
  {
    "name": "Load \"controller\" to Application",
    "start": 1571896457040,
    "end": 1571896457231,
    "duration": 191,
    "pid": 32892,
    "index": 66
  },
  {
    "name": "Before Start in node_modules/egg-socket.io/lib/io.js:26:7",
    "start": 1571896457044,
    "end": 1571896457349,
    "duration": 305,
    "pid": 32892,
    "index": 67
  },
  {
    "name": "Load Service",
    "start": 1571896457044,
    "end": 1571896457175,
    "duration": 131,
    "pid": 32892,
    "index": 68
  },
  {
    "name": "Load \"service\" to Context",
    "start": 1571896457044,
    "end": 1571896457175,
    "duration": 131,
    "pid": 32892,
    "index": 69
  },
  {
    "name": "Load Middleware",
    "start": 1571896457176,
    "end": 1571896457231,
    "duration": 55,
    "pid": 32892,
    "index": 70
  },
  {
    "name": "Load \"middlewares\" to Application",
    "start": 1571896457176,
    "end": 1571896457224,
    "duration": 48,
    "pid": 32892,
    "index": 71
  },
  {
    "name": "Load Controller",
    "start": 1571896457231,
    "end": 1571896457234,
    "duration": 3,
    "pid": 32892,
    "index": 72
  },
  {
    "name": "Load \"controller\" to Application",
    "start": 1571896457231,
    "end": 1571896457234,
    "duration": 3,
    "pid": 32892,
    "index": 73
  },
  {
    "name": "Load Router",
    "start": 1571896457234,
    "end": 1571896457237,
    "duration": 3,
    "pid": 32892,
    "index": 74
  },
  {
    "name": "Require(53) app/router.js",
    "start": 1571896457234,
    "end": 1571896457234,
    "duration": 0,
    "pid": 32892,
    "index": 75
  },
  {
    "name": "Before Start in node_modules/egg-core/lib/egg.js:303:10",
    "start": 1571896457235,
    "end": 1571896457349,
    "duration": 114,
    "pid": 32892,
    "index": 76
  },
  {
    "name": "Load \"model\" to Application",
    "start": 1571896457246,
    "end": 1571896457347,
    "duration": 101,
    "pid": 32892,
    "index": 77
  }
]