[
  {
    "name": "Application Start",
    "start": 1571896455623,
    "end": 1571896457665,
    "duration": 2042,
    "pid": 32891,
    "index": 0
  },
  {
    "name": "Load Plugin",
    "start": 1571896455634,
    "end": 1571896455644,
    "duration": 10,
    "pid": 32891,
    "index": 1
  },
  {
    "name": "Load Config",
    "start": 1571896455644,
    "end": 1571896455739,
    "duration": 95,
    "pid": 32891,
    "index": 2
  },
  {
    "name": "Require(0) config/config.default.js",
    "start": 1571896455645,
    "end": 1571896455645,
    "duration": 0,
    "pid": 32891,
    "index": 3
  },
  {
    "name": "Require(1) node_modules/egg-session/config/config.default.js",
    "start": 1571896455674,
    "end": 1571896455675,
    "duration": 1,
    "pid": 32891,
    "index": 4
  },
  {
    "name": "Require(2) node_modules/egg-security/config/config.default.js",
    "start": 1571896455675,
    "end": 1571896455676,
    "duration": 1,
    "pid": 32891,
    "index": 5
  },
  {
    "name": "Require(3) node_modules/egg-jsonp/config/config.default.js",
    "start": 1571896455678,
    "end": 1571896455678,
    "duration": 0,
    "pid": 32891,
    "index": 6
  },
  {
    "name": "Require(4) node_modules/egg-onerror/config/config.default.js",
    "start": 1571896455679,
    "end": 1571896455680,
    "duration": 1,
    "pid": 32891,
    "index": 7
  },
  {
    "name": "Require(5) node_modules/egg-i18n/config/config.default.js",
    "start": 1571896455680,
    "end": 1571896455680,
    "duration": 0,
    "pid": 32891,
    "index": 8
  },
  {
    "name": "Require(6) node_modules/egg-watcher/config/config.default.js",
    "start": 1571896455680,
    "end": 1571896455680,
    "duration": 0,
    "pid": 32891,
    "index": 9
  },
  {
    "name": "Require(7) node_modules/egg-schedule/config/config.default.js",
    "start": 1571896455681,
    "end": 1571896455681,
    "duration": 0,
    "pid": 32891,
    "index": 10
  },
  {
    "name": "Require(8) node_modules/egg-multipart/config/config.default.js",
    "start": 1571896455682,
    "end": 1571896455682,
    "duration": 0,
    "pid": 32891,
    "index": 11
  },
  {
    "name": "Require(9) node_modules/egg-development/config/config.default.js",
    "start": 1571896455683,
    "end": 1571896455683,
    "duration": 0,
    "pid": 32891,
    "index": 12
  },
  {
    "name": "Require(10) node_modules/egg-logrotator/config/config.default.js",
    "start": 1571896455684,
    "end": 1571896455684,
    "duration": 0,
    "pid": 32891,
    "index": 13
  },
  {
    "name": "Require(11) node_modules/egg-static/config/config.default.js",
    "start": 1571896455684,
    "end": 1571896455684,
    "duration": 0,
    "pid": 32891,
    "index": 14
  },
  {
    "name": "Require(12) node_modules/egg-view/config/config.default.js",
    "start": 1571896455684,
    "end": 1571896455684,
    "duration": 0,
    "pid": 32891,
    "index": 15
  },
  {
    "name": "Require(13) node_modules/egg-mongoose/config/config.default.js",
    "start": 1571896455685,
    "end": 1571896455685,
    "duration": 0,
    "pid": 32891,
    "index": 16
  },
  {
    "name": "Require(14) node_modules/egg-socket.io/config/config.default.js",
    "start": 1571896455686,
    "end": 1571896455686,
    "duration": 0,
    "pid": 32891,
    "index": 17
  },
  {
    "name": "Require(15) node_modules/egg-view-pug/config/config.default.js",
    "start": 1571896455686,
    "end": 1571896455686,
    "duration": 0,
    "pid": 32891,
    "index": 18
  },
  {
    "name": "Require(16) node_modules/egg/config/config.default.js",
    "start": 1571896455686,
    "end": 1571896455686,
    "duration": 0,
    "pid": 32891,
    "index": 19
  },
  {
    "name": "Require(17) config/config.default.js",
    "start": 1571896455688,
    "end": 1571896455688,
    "duration": 0,
    "pid": 32891,
    "index": 20
  },
  {
    "name": "Require(18) node_modules/egg-security/config/config.local.js",
    "start": 1571896455689,
    "end": 1571896455689,
    "duration": 0,
    "pid": 32891,
    "index": 21
  },
  {
    "name": "Require(19) node_modules/egg-watcher/config/config.local.js",
    "start": 1571896455689,
    "end": 1571896455690,
    "duration": 1,
    "pid": 32891,
    "index": 22
  },
  {
    "name": "Require(20) node_modules/egg-view/config/config.local.js",
    "start": 1571896455736,
    "end": 1571896455736,
    "duration": 0,
    "pid": 32891,
    "index": 23
  },
  {
    "name": "Require(21) node_modules/egg-view-pug/config/config.local.js",
    "start": 1571896455737,
    "end": 1571896455738,
    "duration": 1,
    "pid": 32891,
    "index": 24
  },
  {
    "name": "Require(22) node_modules/egg/config/config.local.js",
    "start": 1571896455738,
    "end": 1571896455738,
    "duration": 0,
    "pid": 32891,
    "index": 25
  },
  {
    "name": "Load extend/application.js",
    "start": 1571896455740,
    "end": 1571896455776,
    "duration": 36,
    "pid": 32891,
    "index": 26
  },
  {
    "name": "Require(23) node_modules/egg-session/app/extend/application.js",
    "start": 1571896455740,
    "end": 1571896455741,
    "duration": 1,
    "pid": 32891,
    "index": 27
  },
  {
    "name": "Require(24) node_modules/egg-security/app/extend/application.js",
    "start": 1571896455741,
    "end": 1571896455742,
    "duration": 1,
    "pid": 32891,
    "index": 28
  },
  {
    "name": "Require(25) node_modules/egg-jsonp/app/extend/application.js",
    "start": 1571896455742,
    "end": 1571896455743,
    "duration": 1,
    "pid": 32891,
    "index": 29
  },
  {
    "name": "Require(26) node_modules/egg-logrotator/app/extend/application.js",
    "start": 1571896455744,
    "end": 1571896455748,
    "duration": 4,
    "pid": 32891,
    "index": 30
  },
  {
    "name": "Require(27) node_modules/egg-view/app/extend/application.js",
    "start": 1571896455748,
    "end": 1571896455748,
    "duration": 0,
    "pid": 32891,
    "index": 31
  },
  {
    "name": "Require(28) node_modules/egg-socket.io/app/extend/application.js",
    "start": 1571896455749,
    "end": 1571896455774,
    "duration": 25,
    "pid": 32891,
    "index": 32
  },
  {
    "name": "Load extend/request.js",
    "start": 1571896455776,
    "end": 1571896455778,
    "duration": 2,
    "pid": 32891,
    "index": 33
  },
  {
    "name": "Require(29) node_modules/egg/app/extend/request.js",
    "start": 1571896455777,
    "end": 1571896455777,
    "duration": 0,
    "pid": 32891,
    "index": 34
  },
  {
    "name": "Load extend/response.js",
    "start": 1571896455778,
    "end": 1571896455781,
    "duration": 3,
    "pid": 32891,
    "index": 35
  },
  {
    "name": "Require(30) node_modules/egg/app/extend/response.js",
    "start": 1571896455779,
    "end": 1571896455780,
    "duration": 1,
    "pid": 32891,
    "index": 36
  },
  {
    "name": "Load extend/context.js",
    "start": 1571896455781,
    "end": 1571896455983,
    "duration": 202,
    "pid": 32891,
    "index": 37
  },
  {
    "name": "Require(31) node_modules/egg-security/app/extend/context.js",
    "start": 1571896455781,
    "end": 1571896455829,
    "duration": 48,
    "pid": 32891,
    "index": 38
  },
  {
    "name": "Require(32) node_modules/egg-jsonp/app/extend/context.js",
    "start": 1571896455829,
    "end": 1571896455829,
    "duration": 0,
    "pid": 32891,
    "index": 39
  },
  {
    "name": "Require(33) node_modules/egg-i18n/app/extend/context.js",
    "start": 1571896455830,
    "end": 1571896455830,
    "duration": 0,
    "pid": 32891,
    "index": 40
  },
  {
    "name": "Require(34) node_modules/egg-multipart/app/extend/context.js",
    "start": 1571896455830,
    "end": 1571896455969,
    "duration": 139,
    "pid": 32891,
    "index": 41
  },
  {
    "name": "Require(35) node_modules/egg-view/app/extend/context.js",
    "start": 1571896455969,
    "end": 1571896455974,
    "duration": 5,
    "pid": 32891,
    "index": 42
  },
  {
    "name": "Require(36) node_modules/egg-mongoose/app/extend/context.js",
    "start": 1571896455974,
    "end": 1571896455975,
    "duration": 1,
    "pid": 32891,
    "index": 43
  },
  {
    "name": "Require(37) node_modules/egg/app/extend/context.js",
    "start": 1571896455975,
    "end": 1571896455981,
    "duration": 6,
    "pid": 32891,
    "index": 44
  },
  {
    "name": "Load extend/helper.js",
    "start": 1571896455983,
    "end": 1571896456000,
    "duration": 17,
    "pid": 32891,
    "index": 45
  },
  {
    "name": "Require(38) node_modules/egg-security/app/extend/helper.js",
    "start": 1571896455984,
    "end": 1571896455998,
    "duration": 14,
    "pid": 32891,
    "index": 46
  },
  {
    "name": "Require(39) node_modules/egg/app/extend/helper.js",
    "start": 1571896455999,
    "end": 1571896455999,
    "duration": 0,
    "pid": 32891,
    "index": 47
  },
  {
    "name": "Load app.js",
    "start": 1571896456000,
    "end": 1571896456660,
    "duration": 660,
    "pid": 32891,
    "index": 48
  },
  {
    "name": "Require(40) node_modules/egg-session/app.js",
    "start": 1571896456000,
    "end": 1571896456001,
    "duration": 1,
    "pid": 32891,
    "index": 49
  },
  {
    "name": "Require(41) node_modules/egg-security/app.js",
    "start": 1571896456001,
    "end": 1571896456001,
    "duration": 0,
    "pid": 32891,
    "index": 50
  },
  {
    "name": "Require(42) node_modules/egg-onerror/app.js",
    "start": 1571896456002,
    "end": 1571896456010,
    "duration": 8,
    "pid": 32891,
    "index": 51
  },
  {
    "name": "Require(43) node_modules/egg-i18n/app.js",
    "start": 1571896456010,
    "end": 1571896456021,
    "duration": 11,
    "pid": 32891,
    "index": 52
  },
  {
    "name": "Require(44) node_modules/egg-watcher/app.js",
    "start": 1571896456021,
    "end": 1571896456022,
    "duration": 1,
    "pid": 32891,
    "index": 53
  },
  {
    "name": "Require(45) node_modules/egg-schedule/app.js",
    "start": 1571896456023,
    "end": 1571896456023,
    "duration": 0,
    "pid": 32891,
    "index": 54
  },
  {
    "name": "Require(46) node_modules/egg-multipart/app.js",
    "start": 1571896456023,
    "end": 1571896456024,
    "duration": 1,
    "pid": 32891,
    "index": 55
  },
  {
    "name": "Require(47) node_modules/egg-development/app.js",
    "start": 1571896456024,
    "end": 1571896456025,
    "duration": 1,
    "pid": 32891,
    "index": 56
  },
  {
    "name": "Require(48) node_modules/egg-logrotator/app.js",
    "start": 1571896456025,
    "end": 1571896456025,
    "duration": 0,
    "pid": 32891,
    "index": 57
  },
  {
    "name": "Require(49) node_modules/egg-static/app.js",
    "start": 1571896456025,
    "end": 1571896456025,
    "duration": 0,
    "pid": 32891,
    "index": 58
  },
  {
    "name": "Require(50) node_modules/egg-mongoose/app.js",
    "start": 1571896456025,
    "end": 1571896456026,
    "duration": 1,
    "pid": 32891,
    "index": 59
  },
  {
    "name": "Require(51) node_modules/egg-socket.io/app.js",
    "start": 1571896456026,
    "end": 1571896456106,
    "duration": 80,
    "pid": 32891,
    "index": 60
  },
  {
    "name": "Require(52) node_modules/egg-view-pug/app.js",
    "start": 1571896456106,
    "end": 1571896456659,
    "duration": 553,
    "pid": 32891,
    "index": 61
  },
  {
    "name": "Before Start in node_modules/egg-watcher/lib/init.js:15:14",
    "start": 1571896456668,
    "end": 1571896457663,
    "duration": 995,
    "pid": 32891,
    "index": 62
  },
  {
    "name": "Before Start in node_modules/egg-mongoose/lib/mongoose.js:91:7",
    "start": 1571896457240,
    "end": 1571896457659,
    "duration": 419,
    "pid": 32891,
    "index": 63
  },
  {
    "name": "Before Start in node_modules/egg-mongoose/lib/mongoose.js:49:9",
    "start": 1571896457240,
    "end": 1571896457639,
    "duration": 399,
    "pid": 32891,
    "index": 64
  },
  {
    "name": "Load Controller",
    "start": 1571896457263,
    "end": 1571896457565,
    "duration": 302,
    "pid": 32891,
    "index": 65
  },
  {
    "name": "Load \"controller\" to Application",
    "start": 1571896457263,
    "end": 1571896457565,
    "duration": 302,
    "pid": 32891,
    "index": 66
  },
  {
    "name": "Before Start in node_modules/egg-socket.io/lib/io.js:26:7",
    "start": 1571896457279,
    "end": 1571896457639,
    "duration": 360,
    "pid": 32891,
    "index": 67
  },
  {
    "name": "Load Service",
    "start": 1571896457292,
    "end": 1571896457380,
    "duration": 88,
    "pid": 32891,
    "index": 68
  },
  {
    "name": "Load \"service\" to Context",
    "start": 1571896457292,
    "end": 1571896457380,
    "duration": 88,
    "pid": 32891,
    "index": 69
  },
  {
    "name": "Load Middleware",
    "start": 1571896457380,
    "end": 1571896457565,
    "duration": 185,
    "pid": 32891,
    "index": 70
  },
  {
    "name": "Load \"middlewares\" to Application",
    "start": 1571896457380,
    "end": 1571896457516,
    "duration": 136,
    "pid": 32891,
    "index": 71
  },
  {
    "name": "Load Controller",
    "start": 1571896457565,
    "end": 1571896457567,
    "duration": 2,
    "pid": 32891,
    "index": 72
  },
  {
    "name": "Load \"controller\" to Application",
    "start": 1571896457565,
    "end": 1571896457567,
    "duration": 2,
    "pid": 32891,
    "index": 73
  },
  {
    "name": "Load Router",
    "start": 1571896457567,
    "end": 1571896457570,
    "duration": 3,
    "pid": 32891,
    "index": 74
  },
  {
    "name": "Require(53) app/router.js",
    "start": 1571896457568,
    "end": 1571896457568,
    "duration": 0,
    "pid": 32891,
    "index": 75
  },
  {
    "name": "Before Start in node_modules/egg-core/lib/egg.js:303:10",
    "start": 1571896457568,
    "end": 1571896457639,
    "duration": 71,
    "pid": 32891,
    "index": 76
  },
  {
    "name": "Load \"model\" to Application",
    "start": 1571896457604,
    "end": 1571896457638,
    "duration": 34,
    "pid": 32891,
    "index": 77
  }
]