[
  {
    "name": "Application Start",
    "start": 1571896455550,
    "end": 1571896457596,
    "duration": 2046,
    "pid": 32890,
    "index": 0
  },
  {
    "name": "Load Plugin",
    "start": 1571896455576,
    "end": 1571896455585,
    "duration": 9,
    "pid": 32890,
    "index": 1
  },
  {
    "name": "Load Config",
    "start": 1571896455585,
    "end": 1571896455672,
    "duration": 87,
    "pid": 32890,
    "index": 2
  },
  {
    "name": "Require(0) config/config.default.js",
    "start": 1571896455586,
    "end": 1571896455586,
    "duration": 0,
    "pid": 32890,
    "index": 3
  },
  {
    "name": "Require(1) node_modules/egg-session/config/config.default.js",
    "start": 1571896455587,
    "end": 1571896455588,
    "duration": 1,
    "pid": 32890,
    "index": 4
  },
  {
    "name": "Require(2) node_modules/egg-security/config/config.default.js",
    "start": 1571896455588,
    "end": 1571896455588,
    "duration": 0,
    "pid": 32890,
    "index": 5
  },
  {
    "name": "Require(3) node_modules/egg-jsonp/config/config.default.js",
    "start": 1571896455589,
    "end": 1571896455589,
    "duration": 0,
    "pid": 32890,
    "index": 6
  },
  {
    "name": "Require(4) node_modules/egg-onerror/config/config.default.js",
    "start": 1571896455589,
    "end": 1571896455589,
    "duration": 0,
    "pid": 32890,
    "index": 7
  },
  {
    "name": "Require(5) node_modules/egg-i18n/config/config.default.js",
    "start": 1571896455589,
    "end": 1571896455590,
    "duration": 1,
    "pid": 32890,
    "index": 8
  },
  {
    "name": "Require(6) node_modules/egg-watcher/config/config.default.js",
    "start": 1571896455590,
    "end": 1571896455590,
    "duration": 0,
    "pid": 32890,
    "index": 9
  },
  {
    "name": "Require(7) node_modules/egg-schedule/config/config.default.js",
    "start": 1571896455590,
    "end": 1571896455590,
    "duration": 0,
    "pid": 32890,
    "index": 10
  },
  {
    "name": "Require(8) node_modules/egg-multipart/config/config.default.js",
    "start": 1571896455591,
    "end": 1571896455591,
    "duration": 0,
    "pid": 32890,
    "index": 11
  },
  {
    "name": "Require(9) node_modules/egg-development/config/config.default.js",
    "start": 1571896455591,
    "end": 1571896455591,
    "duration": 0,
    "pid": 32890,
    "index": 12
  },
  {
    "name": "Require(10) node_modules/egg-logrotator/config/config.default.js",
    "start": 1571896455592,
    "end": 1571896455592,
    "duration": 0,
    "pid": 32890,
    "index": 13
  },
  {
    "name": "Require(11) node_modules/egg-static/config/config.default.js",
    "start": 1571896455592,
    "end": 1571896455592,
    "duration": 0,
    "pid": 32890,
    "index": 14
  },
  {
    "name": "Require(12) node_modules/egg-view/config/config.default.js",
    "start": 1571896455593,
    "end": 1571896455593,
    "duration": 0,
    "pid": 32890,
    "index": 15
  },
  {
    "name": "Require(13) node_modules/egg-mongoose/config/config.default.js",
    "start": 1571896455593,
    "end": 1571896455593,
    "duration": 0,
    "pid": 32890,
    "index": 16
  },
  {
    "name": "Require(14) node_modules/egg-socket.io/config/config.default.js",
    "start": 1571896455594,
    "end": 1571896455594,
    "duration": 0,
    "pid": 32890,
    "index": 17
  },
  {
    "name": "Require(15) node_modules/egg-view-pug/config/config.default.js",
    "start": 1571896455594,
    "end": 1571896455594,
    "duration": 0,
    "pid": 32890,
    "index": 18
  },
  {
    "name": "Require(16) node_modules/egg/config/config.default.js",
    "start": 1571896455594,
    "end": 1571896455595,
    "duration": 1,
    "pid": 32890,
    "index": 19
  },
  {
    "name": "Require(17) config/config.default.js",
    "start": 1571896455596,
    "end": 1571896455596,
    "duration": 0,
    "pid": 32890,
    "index": 20
  },
  {
    "name": "Require(18) node_modules/egg-security/config/config.local.js",
    "start": 1571896455596,
    "end": 1571896455596,
    "duration": 0,
    "pid": 32890,
    "index": 21
  },
  {
    "name": "Require(19) node_modules/egg-watcher/config/config.local.js",
    "start": 1571896455597,
    "end": 1571896455597,
    "duration": 0,
    "pid": 32890,
    "index": 22
  },
  {
    "name": "Require(20) node_modules/egg-view/config/config.local.js",
    "start": 1571896455669,
    "end": 1571896455670,
    "duration": 1,
    "pid": 32890,
    "index": 23
  },
  {
    "name": "Require(21) node_modules/egg-view-pug/config/config.local.js",
    "start": 1571896455671,
    "end": 1571896455672,
    "duration": 1,
    "pid": 32890,
    "index": 24
  },
  {
    "name": "Require(22) node_modules/egg/config/config.local.js",
    "start": 1571896455672,
    "end": 1571896455672,
    "duration": 0,
    "pid": 32890,
    "index": 25
  },
  {
    "name": "Load extend/application.js",
    "start": 1571896455674,
    "end": 1571896455718,
    "duration": 44,
    "pid": 32890,
    "index": 26
  },
  {
    "name": "Require(23) node_modules/egg-session/app/extend/application.js",
    "start": 1571896455674,
    "end": 1571896455675,
    "duration": 1,
    "pid": 32890,
    "index": 27
  },
  {
    "name": "Require(24) node_modules/egg-security/app/extend/application.js",
    "start": 1571896455675,
    "end": 1571896455675,
    "duration": 0,
    "pid": 32890,
    "index": 28
  },
  {
    "name": "Require(25) node_modules/egg-jsonp/app/extend/application.js",
    "start": 1571896455675,
    "end": 1571896455676,
    "duration": 1,
    "pid": 32890,
    "index": 29
  },
  {
    "name": "Require(26) node_modules/egg-logrotator/app/extend/application.js",
    "start": 1571896455676,
    "end": 1571896455680,
    "duration": 4,
    "pid": 32890,
    "index": 30
  },
  {
    "name": "Require(27) node_modules/egg-view/app/extend/application.js",
    "start": 1571896455680,
    "end": 1571896455680,
    "duration": 0,
    "pid": 32890,
    "index": 31
  },
  {
    "name": "Require(28) node_modules/egg-socket.io/app/extend/application.js",
    "start": 1571896455680,
    "end": 1571896455716,
    "duration": 36,
    "pid": 32890,
    "index": 32
  },
  {
    "name": "Load extend/request.js",
    "start": 1571896455718,
    "end": 1571896455721,
    "duration": 3,
    "pid": 32890,
    "index": 33
  },
  {
    "name": "Require(29) node_modules/egg/app/extend/request.js",
    "start": 1571896455719,
    "end": 1571896455720,
    "duration": 1,
    "pid": 32890,
    "index": 34
  },
  {
    "name": "Load extend/response.js",
    "start": 1571896455721,
    "end": 1571896455725,
    "duration": 4,
    "pid": 32890,
    "index": 35
  },
  {
    "name": "Require(30) node_modules/egg/app/extend/response.js",
    "start": 1571896455723,
    "end": 1571896455723,
    "duration": 0,
    "pid": 32890,
    "index": 36
  },
  {
    "name": "Load extend/context.js",
    "start": 1571896455725,
    "end": 1571896455911,
    "duration": 186,
    "pid": 32890,
    "index": 37
  },
  {
    "name": "Require(31) node_modules/egg-security/app/extend/context.js",
    "start": 1571896455725,
    "end": 1571896455731,
    "duration": 6,
    "pid": 32890,
    "index": 38
  },
  {
    "name": "Require(32) node_modules/egg-jsonp/app/extend/context.js",
    "start": 1571896455731,
    "end": 1571896455731,
    "duration": 0,
    "pid": 32890,
    "index": 39
  },
  {
    "name": "Require(33) node_modules/egg-i18n/app/extend/context.js",
    "start": 1571896455731,
    "end": 1571896455732,
    "duration": 1,
    "pid": 32890,
    "index": 40
  },
  {
    "name": "Require(34) node_modules/egg-multipart/app/extend/context.js",
    "start": 1571896455732,
    "end": 1571896455819,
    "duration": 87,
    "pid": 32890,
    "index": 41
  },
  {
    "name": "Require(35) node_modules/egg-view/app/extend/context.js",
    "start": 1571896455819,
    "end": 1571896455820,
    "duration": 1,
    "pid": 32890,
    "index": 42
  },
  {
    "name": "Require(36) node_modules/egg-mongoose/app/extend/context.js",
    "start": 1571896455820,
    "end": 1571896455820,
    "duration": 0,
    "pid": 32890,
    "index": 43
  },
  {
    "name": "Require(37) node_modules/egg/app/extend/context.js",
    "start": 1571896455821,
    "end": 1571896455821,
    "duration": 0,
    "pid": 32890,
    "index": 44
  },
  {
    "name": "Load extend/helper.js",
    "start": 1571896455911,
    "end": 1571896455931,
    "duration": 20,
    "pid": 32890,
    "index": 45
  },
  {
    "name": "Require(38) node_modules/egg-security/app/extend/helper.js",
    "start": 1571896455912,
    "end": 1571896455928,
    "duration": 16,
    "pid": 32890,
    "index": 46
  },
  {
    "name": "Require(39) node_modules/egg/app/extend/helper.js",
    "start": 1571896455929,
    "end": 1571896455929,
    "duration": 0,
    "pid": 32890,
    "index": 47
  },
  {
    "name": "Load app.js",
    "start": 1571896455931,
    "end": 1571896456615,
    "duration": 684,
    "pid": 32890,
    "index": 48
  },
  {
    "name": "Require(40) node_modules/egg-session/app.js",
    "start": 1571896455931,
    "end": 1571896455931,
    "duration": 0,
    "pid": 32890,
    "index": 49
  },
  {
    "name": "Require(41) node_modules/egg-security/app.js",
    "start": 1571896455932,
    "end": 1571896455932,
    "duration": 0,
    "pid": 32890,
    "index": 50
  },
  {
    "name": "Require(42) node_modules/egg-onerror/app.js",
    "start": 1571896455932,
    "end": 1571896455936,
    "duration": 4,
    "pid": 32890,
    "index": 51
  },
  {
    "name": "Require(43) node_modules/egg-i18n/app.js",
    "start": 1571896455937,
    "end": 1571896455942,
    "duration": 5,
    "pid": 32890,
    "index": 52
  },
  {
    "name": "Require(44) node_modules/egg-watcher/app.js",
    "start": 1571896455942,
    "end": 1571896455944,
    "duration": 2,
    "pid": 32890,
    "index": 53
  },
  {
    "name": "Require(45) node_modules/egg-schedule/app.js",
    "start": 1571896455944,
    "end": 1571896455945,
    "duration": 1,
    "pid": 32890,
    "index": 54
  },
  {
    "name": "Require(46) node_modules/egg-multipart/app.js",
    "start": 1571896455945,
    "end": 1571896455946,
    "duration": 1,
    "pid": 32890,
    "index": 55
  },
  {
    "name": "Require(47) node_modules/egg-development/app.js",
    "start": 1571896455946,
    "end": 1571896455947,
    "duration": 1,
    "pid": 32890,
    "index": 56
  },
  {
    "name": "Require(48) node_modules/egg-logrotator/app.js",
    "start": 1571896455947,
    "end": 1571896455947,
    "duration": 0,
    "pid": 32890,
    "index": 57
  },
  {
    "name": "Require(49) node_modules/egg-static/app.js",
    "start": 1571896455947,
    "end": 1571896455947,
    "duration": 0,
    "pid": 32890,
    "index": 58
  },
  {
    "name": "Require(50) node_modules/egg-mongoose/app.js",
    "start": 1571896455947,
    "end": 1571896455947,
    "duration": 0,
    "pid": 32890,
    "index": 59
  },
  {
    "name": "Require(51) node_modules/egg-socket.io/app.js",
    "start": 1571896455948,
    "end": 1571896455988,
    "duration": 40,
    "pid": 32890,
    "index": 60
  },
  {
    "name": "Require(52) node_modules/egg-view-pug/app.js",
    "start": 1571896455988,
    "end": 1571896456615,
    "duration": 627,
    "pid": 32890,
    "index": 61
  },
  {
    "name": "Before Start in node_modules/egg-watcher/lib/init.js:15:14",
    "start": 1571896456623,
    "end": 1571896457559,
    "duration": 936,
    "pid": 32890,
    "index": 62
  },
  {
    "name": "Before Start in node_modules/egg-mongoose/lib/mongoose.js:91:7",
    "start": 1571896457136,
    "end": 1571896457590,
    "duration": 454,
    "pid": 32890,
    "index": 63
  },
  {
    "name": "Before Start in node_modules/egg-mongoose/lib/mongoose.js:49:9",
    "start": 1571896457136,
    "end": 1571896457516,
    "duration": 380,
    "pid": 32890,
    "index": 64
  },
  {
    "name": "Load Controller",
    "start": 1571896457187,
    "end": 1571896457432,
    "duration": 245,
    "pid": 32890,
    "index": 65
  },
  {
    "name": "Load \"controller\" to Application",
    "start": 1571896457187,
    "end": 1571896457432,
    "duration": 245,
    "pid": 32890,
    "index": 66
  },
  {
    "name": "Before Start in node_modules/egg-socket.io/lib/io.js:26:7",
    "start": 1571896457192,
    "end": 1571896457516,
    "duration": 324,
    "pid": 32890,
    "index": 67
  },
  {
    "name": "Load Service",
    "start": 1571896457193,
    "end": 1571896457324,
    "duration": 131,
    "pid": 32890,
    "index": 68
  },
  {
    "name": "Load \"service\" to Context",
    "start": 1571896457193,
    "end": 1571896457324,
    "duration": 131,
    "pid": 32890,
    "index": 69
  },
  {
    "name": "Load Middleware",
    "start": 1571896457325,
    "end": 1571896457432,
    "duration": 107,
    "pid": 32890,
    "index": 70
  },
  {
    "name": "Load \"middlewares\" to Application",
    "start": 1571896457325,
    "end": 1571896457425,
    "duration": 100,
    "pid": 32890,
    "index": 71
  },
  {
    "name": "Load Controller",
    "start": 1571896457432,
    "end": 1571896457457,
    "duration": 25,
    "pid": 32890,
    "index": 72
  },
  {
    "name": "Load \"controller\" to Application",
    "start": 1571896457432,
    "end": 1571896457457,
    "duration": 25,
    "pid": 32890,
    "index": 73
  },
  {
    "name": "Load Router",
    "start": 1571896457457,
    "end": 1571896457460,
    "duration": 3,
    "pid": 32890,
    "index": 74
  },
  {
    "name": "Require(53) app/router.js",
    "start": 1571896457457,
    "end": 1571896457457,
    "duration": 0,
    "pid": 32890,
    "index": 75
  },
  {
    "name": "Before Start in node_modules/egg-core/lib/egg.js:303:10",
    "start": 1571896457458,
    "end": 1571896457516,
    "duration": 58,
    "pid": 32890,
    "index": 76
  },
  {
    "name": "Load \"model\" to Application",
    "start": 1571896457480,
    "end": 1571896457515,
    "duration": 35,
    "pid": 32890,
    "index": 77
  }
]