[
  {
    "name": "Application Start",
    "start": 1571896455594,
    "end": 1571896457594,
    "duration": 2000,
    "pid": 32888,
    "index": 0
  },
  {
    "name": "Load Plugin",
    "start": 1571896455627,
    "end": 1571896455638,
    "duration": 11,
    "pid": 32888,
    "index": 1
  },
  {
    "name": "Load Config",
    "start": 1571896455638,
    "end": 1571896455656,
    "duration": 18,
    "pid": 32888,
    "index": 2
  },
  {
    "name": "Require(0) config/config.default.js",
    "start": 1571896455638,
    "end": 1571896455640,
    "duration": 2,
    "pid": 32888,
    "index": 3
  },
  {
    "name": "Require(1) node_modules/egg-session/config/config.default.js",
    "start": 1571896455641,
    "end": 1571896455641,
    "duration": 0,
    "pid": 32888,
    "index": 4
  },
  {
    "name": "Require(2) node_modules/egg-security/config/config.default.js",
    "start": 1571896455642,
    "end": 1571896455642,
    "duration": 0,
    "pid": 32888,
    "index": 5
  },
  {
    "name": "Require(3) node_modules/egg-jsonp/config/config.default.js",
    "start": 1571896455643,
    "end": 1571896455643,
    "duration": 0,
    "pid": 32888,
    "index": 6
  },
  {
    "name": "Require(4) node_modules/egg-onerror/config/config.default.js",
    "start": 1571896455643,
    "end": 1571896455644,
    "duration": 1,
    "pid": 32888,
    "index": 7
  },
  {
    "name": "Require(5) node_modules/egg-i18n/config/config.default.js",
    "start": 1571896455644,
    "end": 1571896455644,
    "duration": 0,
    "pid": 32888,
    "index": 8
  },
  {
    "name": "Require(6) node_modules/egg-watcher/config/config.default.js",
    "start": 1571896455644,
    "end": 1571896455644,
    "duration": 0,
    "pid": 32888,
    "index": 9
  },
  {
    "name": "Require(7) node_modules/egg-schedule/config/config.default.js",
    "start": 1571896455646,
    "end": 1571896455646,
    "duration": 0,
    "pid": 32888,
    "index": 10
  },
  {
    "name": "Require(8) node_modules/egg-multipart/config/config.default.js",
    "start": 1571896455647,
    "end": 1571896455647,
    "duration": 0,
    "pid": 32888,
    "index": 11
  },
  {
    "name": "Require(9) node_modules/egg-development/config/config.default.js",
    "start": 1571896455647,
    "end": 1571896455648,
    "duration": 1,
    "pid": 32888,
    "index": 12
  },
  {
    "name": "Require(10) node_modules/egg-logrotator/config/config.default.js",
    "start": 1571896455648,
    "end": 1571896455648,
    "duration": 0,
    "pid": 32888,
    "index": 13
  },
  {
    "name": "Require(11) node_modules/egg-static/config/config.default.js",
    "start": 1571896455648,
    "end": 1571896455648,
    "duration": 0,
    "pid": 32888,
    "index": 14
  },
  {
    "name": "Require(12) node_modules/egg-view/config/config.default.js",
    "start": 1571896455649,
    "end": 1571896455649,
    "duration": 0,
    "pid": 32888,
    "index": 15
  },
  {
    "name": "Require(13) node_modules/egg-mongoose/config/config.default.js",
    "start": 1571896455649,
    "end": 1571896455649,
    "duration": 0,
    "pid": 32888,
    "index": 16
  },
  {
    "name": "Require(14) node_modules/egg-socket.io/config/config.default.js",
    "start": 1571896455650,
    "end": 1571896455650,
    "duration": 0,
    "pid": 32888,
    "index": 17
  },
  {
    "name": "Require(15) node_modules/egg-view-pug/config/config.default.js",
    "start": 1571896455650,
    "end": 1571896455650,
    "duration": 0,
    "pid": 32888,
    "index": 18
  },
  {
    "name": "Require(16) node_modules/egg/config/config.default.js",
    "start": 1571896455651,
    "end": 1571896455651,
    "duration": 0,
    "pid": 32888,
    "index": 19
  },
  {
    "name": "Require(17) config/config.default.js",
    "start": 1571896455652,
    "end": 1571896455652,
    "duration": 0,
    "pid": 32888,
    "index": 20
  },
  {
    "name": "Require(18) node_modules/egg-security/config/config.local.js",
    "start": 1571896455653,
    "end": 1571896455653,
    "duration": 0,
    "pid": 32888,
    "index": 21
  },
  {
    "name": "Require(19) node_modules/egg-watcher/config/config.local.js",
    "start": 1571896455654,
    "end": 1571896455654,
    "duration": 0,
    "pid": 32888,
    "index": 22
  },
  {
    "name": "Require(20) node_modules/egg-view/config/config.local.js",
    "start": 1571896455655,
    "end": 1571896455655,
    "duration": 0,
    "pid": 32888,
    "index": 23
  },
  {
    "name": "Require(21) node_modules/egg-view-pug/config/config.local.js",
    "start": 1571896455656,
    "end": 1571896455656,
    "duration": 0,
    "pid": 32888,
    "index": 24
  },
  {
    "name": "Require(22) node_modules/egg/config/config.local.js",
    "start": 1571896455656,
    "end": 1571896455656,
    "duration": 0,
    "pid": 32888,
    "index": 25
  },
  {
    "name": "Load extend/application.js",
    "start": 1571896455657,
    "end": 1571896455727,
    "duration": 70,
    "pid": 32888,
    "index": 26
  },
  {
    "name": "Require(23) node_modules/egg-session/app/extend/application.js",
    "start": 1571896455658,
    "end": 1571896455659,
    "duration": 1,
    "pid": 32888,
    "index": 27
  },
  {
    "name": "Require(24) node_modules/egg-security/app/extend/application.js",
    "start": 1571896455661,
    "end": 1571896455663,
    "duration": 2,
    "pid": 32888,
    "index": 28
  },
  {
    "name": "Require(25) node_modules/egg-jsonp/app/extend/application.js",
    "start": 1571896455664,
    "end": 1571896455664,
    "duration": 0,
    "pid": 32888,
    "index": 29
  },
  {
    "name": "Require(26) node_modules/egg-logrotator/app/extend/application.js",
    "start": 1571896455665,
    "end": 1571896455668,
    "duration": 3,
    "pid": 32888,
    "index": 30
  },
  {
    "name": "Require(27) node_modules/egg-view/app/extend/application.js",
    "start": 1571896455668,
    "end": 1571896455669,
    "duration": 1,
    "pid": 32888,
    "index": 31
  },
  {
    "name": "Require(28) node_modules/egg-socket.io/app/extend/application.js",
    "start": 1571896455669,
    "end": 1571896455726,
    "duration": 57,
    "pid": 32888,
    "index": 32
  },
  {
    "name": "Load extend/request.js",
    "start": 1571896455727,
    "end": 1571896455730,
    "duration": 3,
    "pid": 32888,
    "index": 33
  },
  {
    "name": "Require(29) node_modules/egg/app/extend/request.js",
    "start": 1571896455728,
    "end": 1571896455729,
    "duration": 1,
    "pid": 32888,
    "index": 34
  },
  {
    "name": "Load extend/response.js",
    "start": 1571896455730,
    "end": 1571896455733,
    "duration": 3,
    "pid": 32888,
    "index": 35
  },
  {
    "name": "Require(30) node_modules/egg/app/extend/response.js",
    "start": 1571896455731,
    "end": 1571896455732,
    "duration": 1,
    "pid": 32888,
    "index": 36
  },
  {
    "name": "Load extend/context.js",
    "start": 1571896455733,
    "end": 1571896455865,
    "duration": 132,
    "pid": 32888,
    "index": 37
  },
  {
    "name": "Require(31) node_modules/egg-security/app/extend/context.js",
    "start": 1571896455733,
    "end": 1571896455786,
    "duration": 53,
    "pid": 32888,
    "index": 38
  },
  {
    "name": "Require(32) node_modules/egg-jsonp/app/extend/context.js",
    "start": 1571896455787,
    "end": 1571896455788,
    "duration": 1,
    "pid": 32888,
    "index": 39
  },
  {
    "name": "Require(33) node_modules/egg-i18n/app/extend/context.js",
    "start": 1571896455788,
    "end": 1571896455788,
    "duration": 0,
    "pid": 32888,
    "index": 40
  },
  {
    "name": "Require(34) node_modules/egg-multipart/app/extend/context.js",
    "start": 1571896455793,
    "end": 1571896455858,
    "duration": 65,
    "pid": 32888,
    "index": 41
  },
  {
    "name": "Require(35) node_modules/egg-view/app/extend/context.js",
    "start": 1571896455859,
    "end": 1571896455859,
    "duration": 0,
    "pid": 32888,
    "index": 42
  },
  {
    "name": "Require(36) node_modules/egg-mongoose/app/extend/context.js",
    "start": 1571896455859,
    "end": 1571896455860,
    "duration": 1,
    "pid": 32888,
    "index": 43
  },
  {
    "name": "Require(37) node_modules/egg/app/extend/context.js",
    "start": 1571896455860,
    "end": 1571896455863,
    "duration": 3,
    "pid": 32888,
    "index": 44
  },
  {
    "name": "Load extend/helper.js",
    "start": 1571896455865,
    "end": 1571896455902,
    "duration": 37,
    "pid": 32888,
    "index": 45
  },
  {
    "name": "Require(38) node_modules/egg-security/app/extend/helper.js",
    "start": 1571896455865,
    "end": 1571896455880,
    "duration": 15,
    "pid": 32888,
    "index": 46
  },
  {
    "name": "Require(39) node_modules/egg/app/extend/helper.js",
    "start": 1571896455882,
    "end": 1571896455889,
    "duration": 7,
    "pid": 32888,
    "index": 47
  },
  {
    "name": "Load app.js",
    "start": 1571896455903,
    "end": 1571896456533,
    "duration": 630,
    "pid": 32888,
    "index": 48
  },
  {
    "name": "Require(40) node_modules/egg-session/app.js",
    "start": 1571896455903,
    "end": 1571896455903,
    "duration": 0,
    "pid": 32888,
    "index": 49
  },
  {
    "name": "Require(41) node_modules/egg-security/app.js",
    "start": 1571896455904,
    "end": 1571896455904,
    "duration": 0,
    "pid": 32888,
    "index": 50
  },
  {
    "name": "Require(42) node_modules/egg-onerror/app.js",
    "start": 1571896455905,
    "end": 1571896455911,
    "duration": 6,
    "pid": 32888,
    "index": 51
  },
  {
    "name": "Require(43) node_modules/egg-i18n/app.js",
    "start": 1571896455911,
    "end": 1571896455916,
    "duration": 5,
    "pid": 32888,
    "index": 52
  },
  {
    "name": "Require(44) node_modules/egg-watcher/app.js",
    "start": 1571896455916,
    "end": 1571896455918,
    "duration": 2,
    "pid": 32888,
    "index": 53
  },
  {
    "name": "Require(45) node_modules/egg-schedule/app.js",
    "start": 1571896455918,
    "end": 1571896455921,
    "duration": 3,
    "pid": 32888,
    "index": 54
  },
  {
    "name": "Require(46) node_modules/egg-multipart/app.js",
    "start": 1571896455921,
    "end": 1571896455923,
    "duration": 2,
    "pid": 32888,
    "index": 55
  },
  {
    "name": "Require(47) node_modules/egg-development/app.js",
    "start": 1571896455923,
    "end": 1571896455923,
    "duration": 0,
    "pid": 32888,
    "index": 56
  },
  {
    "name": "Require(48) node_modules/egg-logrotator/app.js",
    "start": 1571896455923,
    "end": 1571896455924,
    "duration": 1,
    "pid": 32888,
    "index": 57
  },
  {
    "name": "Require(49) node_modules/egg-static/app.js",
    "start": 1571896455924,
    "end": 1571896455924,
    "duration": 0,
    "pid": 32888,
    "index": 58
  },
  {
    "name": "Require(50) node_modules/egg-mongoose/app.js",
    "start": 1571896455924,
    "end": 1571896455924,
    "duration": 0,
    "pid": 32888,
    "index": 59
  },
  {
    "name": "Require(51) node_modules/egg-socket.io/app.js",
    "start": 1571896455924,
    "end": 1571896456077,
    "duration": 153,
    "pid": 32888,
    "index": 60
  },
  {
    "name": "Require(52) node_modules/egg-view-pug/app.js",
    "start": 1571896456077,
    "end": 1571896456533,
    "duration": 456,
    "pid": 32888,
    "index": 61
  },
  {
    "name": "Before Start in node_modules/egg-watcher/lib/init.js:15:14",
    "start": 1571896456542,
    "end": 1571896457560,
    "duration": 1018,
    "pid": 32888,
    "index": 62
  },
  {
    "name": "Before Start in node_modules/egg-mongoose/lib/mongoose.js:91:7",
    "start": 1571896457181,
    "end": 1571896457592,
    "duration": 411,
    "pid": 32888,
    "index": 63
  },
  {
    "name": "Before Start in node_modules/egg-mongoose/lib/mongoose.js:49:9",
    "start": 1571896457181,
    "end": 1571896457541,
    "duration": 360,
    "pid": 32888,
    "index": 64
  },
  {
    "name": "Load Controller",
    "start": 1571896457221,
    "end": 1571896457466,
    "duration": 245,
    "pid": 32888,
    "index": 65
  },
  {
    "name": "Load \"controller\" to Application",
    "start": 1571896457221,
    "end": 1571896457466,
    "duration": 245,
    "pid": 32888,
    "index": 66
  },
  {
    "name": "Before Start in node_modules/egg-socket.io/lib/io.js:26:7",
    "start": 1571896457230,
    "end": 1571896457541,
    "duration": 311,
    "pid": 32888,
    "index": 67
  },
  {
    "name": "Load Service",
    "start": 1571896457231,
    "end": 1571896457327,
    "duration": 96,
    "pid": 32888,
    "index": 68
  },
  {
    "name": "Load \"service\" to Context",
    "start": 1571896457231,
    "end": 1571896457327,
    "duration": 96,
    "pid": 32888,
    "index": 69
  },
  {
    "name": "Load Middleware",
    "start": 1571896457327,
    "end": 1571896457466,
    "duration": 139,
    "pid": 32888,
    "index": 70
  },
  {
    "name": "Load \"middlewares\" to Application",
    "start": 1571896457327,
    "end": 1571896457435,
    "duration": 108,
    "pid": 32888,
    "index": 71
  },
  {
    "name": "Load Controller",
    "start": 1571896457466,
    "end": 1571896457474,
    "duration": 8,
    "pid": 32888,
    "index": 72
  },
  {
    "name": "Load \"controller\" to Application",
    "start": 1571896457466,
    "end": 1571896457474,
    "duration": 8,
    "pid": 32888,
    "index": 73
  },
  {
    "name": "Load Router",
    "start": 1571896457474,
    "end": 1571896457478,
    "duration": 4,
    "pid": 32888,
    "index": 74
  },
  {
    "name": "Require(53) app/router.js",
    "start": 1571896457474,
    "end": 1571896457475,
    "duration": 1,
    "pid": 32888,
    "index": 75
  },
  {
    "name": "Before Start in node_modules/egg-core/lib/egg.js:303:10",
    "start": 1571896457475,
    "end": 1571896457541,
    "duration": 66,
    "pid": 32888,
    "index": 76
  },
  {
    "name": "Load \"model\" to Application",
    "start": 1571896457495,
    "end": 1571896457540,
    "duration": 45,
    "pid": 32888,
    "index": 77
  }
]