{
  "config": {
    "session": {
      "maxAge": 86400000,
      "key": "EGG_SESS",
      "httpOnly": true,
      "encrypt": true,
      "overwrite": true,
      "signed": true,
      "autoCommit": true,
      "encode": "<Function encode>",
      "decode": "<Function decode>",
      "genid": "<Function v4>"
    },
    "security": {
      "domainWhiteList": [],
      "protocolWhiteList": [],
      "defaultMiddleware": "csrf,hsts,methodnoallow,noopen,nosniff,csp,xssProtection,xframe,dta",
      "csrf": {
        "enable": true,
        "type": "ctoken",
        "ignoreJSON": false,
        "useSession": false,
        "cookieName": "csrfToken",
        "sessionName": "csrfToken",
        "headerName": "x-csrf-token",
        "bodyName": "_csrf",
        "queryName": "_csrf",
        "refererWhiteList": [],
        "matching": "<Function anonymous>"
      },
      "xframe": {
        "enable": true,
        "value": "SAMEORIGIN",
        "matching": "<Function anonymous>"
      },
      "hsts": {
        "enable": false,
        "maxAge": 31536000,
        "includeSubdomains": false
      },
      "dta": {
        "enable": true,
        "matching": "<Function anonymous>"
      },
      "methodnoallow": {
        "enable": true,
        "matching": "<Function anonymous>"
      },
      "noopen": {
        "enable": true,
        "matching": "<Function anonymous>"
      },
      "nosniff": {
        "enable": true,
        "matching": "<Function anonymous>"
      },
      "referrerPolicy": {
        "enable": false,
        "value": "no-referrer-when-downgrade"
      },
      "xssProtection": {
        "enable": true,
        "value": "1; mode=block",
        "matching": "<Function anonymous>"
      },
      "csp": {
        "enable": false,
        "policy": {}
      },
      "ssrf": {
        "ipBlackList": null,
        "checkAddress": null
      },
      "_protocolWhiteListSet": "<Set>"
    },
    "helper": {
      "shtml": {}
    },
    "jsonp": {
      "limit": 50,
      "callback": [
        "_callback",
        "callback"
      ],
      "csrf": false
    },
    "onerror": {
      "errorPageUrl": "",
      "appErrorFilter": null,
      "templatePath": "/Users/ccMoving/Desktop/EGG/egg_study/node_modules/egg-onerror/lib/onerror_page.mustache"
    },
    "i18n": {
      "defaultLocale": "en_US",
      "dirs": [
        "/Users/ccMoving/Desktop/EGG/egg_study/node_modules/egg-session/config/locales",
        "/Users/ccMoving/Desktop/EGG/egg_study/node_modules/egg-security/config/locales",
        "/Users/ccMoving/Desktop/EGG/egg_study/node_modules/egg-jsonp/config/locales",
        "/Users/ccMoving/Desktop/EGG/egg_study/node_modules/egg-onerror/config/locales",
        "/Users/ccMoving/Desktop/EGG/egg_study/node_modules/egg-i18n/config/locales",
        "/Users/ccMoving/Desktop/EGG/egg_study/node_modules/egg-watcher/config/locales",
        "/Users/ccMoving/Desktop/EGG/egg_study/node_modules/egg-schedule/config/locales",
        "/Users/ccMoving/Desktop/EGG/egg_study/node_modules/egg-multipart/config/locales",
        "/Users/ccMoving/Desktop/EGG/egg_study/node_modules/egg-development/config/locales",
        "/Users/ccMoving/Desktop/EGG/egg_study/node_modules/egg-logrotator/config/locales",
        "/Users/ccMoving/Desktop/EGG/egg_study/node_modules/egg-static/config/locales",
        "/Users/ccMoving/Desktop/EGG/egg_study/node_modules/egg-view/config/locales",
        "/Users/ccMoving/Desktop/EGG/egg_study/node_modules/egg-mongoose/config/locales",
        "/Users/ccMoving/Desktop/EGG/egg_study/node_modules/egg-socket.io/config/locales",
        "/Users/ccMoving/Desktop/EGG/egg_study/node_modules/egg-view-pug/config/locales",
        "/Users/ccMoving/Desktop/EGG/egg_study/node_modules/egg/config/locales",
        "/Users/ccMoving/Desktop/EGG/egg_study/config/locales"
      ],
      "queryField": "locale",
      "cookieField": "locale",
      "cookieDomain": "",
      "cookieMaxAge": "1y",
      "functionName": "__"
    },
    "watcher": {
      "type": "development",
      "eventSources": {
        "default": "/Users/ccMoving/Desktop/EGG/egg_study/node_modules/egg-watcher/lib/event-sources/default",
        "development": "/Users/ccMoving/Desktop/EGG/egg_study/node_modules/egg-watcher/lib/event-sources/development"
      }
    },
    "customLogger": {
      "scheduleLogger": {
        "consoleLevel": "NONE",
        "file": "egg-schedule.log"
      }
    },
    "schedule": {
      "directory": []
    },
    "multipart": {
      "mode": "stream",
      "autoFields": false,
      "defaultCharset": "utf8",
      "fieldNameSize": 100,
      "fieldSize": 102400,
      "fields": 10,
      "fileSize": 10485760,
      "files": 10,
      "fileExtensions": [],
      "whitelist": null,
      "tmpdir": "/var/folders/wv/57mff0z96s550gn2njtk0z080000gn/T/egg-multipart-tmp/egg",
      "cleanSchedule": {
        "cron": "0 30 4 * * *"
      }
    },
    "development": {
      "watchDirs": [],
      "ignoreDirs": [],
      "fastReady": false,
      "reloadOnDebug": true,
      "overrideDefault": false
    },
    "logrotator": {
      "filesRotateByHour": null,
      "hourDelimiter": "-",
      "filesRotateBySize": null,
      "maxFileSize": 52428800,
      "maxFiles": 10,
      "rotateDuration": 60000,
      "maxDays": 31
    },
    "static": {
      "prefix": "/public/",
      "dir": "/Users/ccMoving/Desktop/EGG/egg_study/app/public",
      "dynamic": true,
      "preload": false,
      "buffer": false,
      "maxFiles": 1000
    },
    "view": {
      "root": [
        "/Users/ccMoving/Desktop/EGG/egg_study/app/view"
      ],
      "cache": false,
      "defaultExtension": ".html",
      "defaultViewEngine": "pug",
      "mapping": {
        ".jade": "pug"
      }
    },
    "mongoose": {
      "url": "",
      "options": {},
      "plugins": [],
      "loadModel": true,
      "app": true,
      "agent": false,
      "client": {
        "url": "mongodb://127.0.0.1/ZYMessage",
        "options": {
          "useFindAndModify": false,
          "useNewUrlParser": true
        }
      }
    },
    "io": {
      "init": {
        "path": "/socket.io",
        "allowRequest": "<Function bound >"
      },
      "namespace": {
        "/": {
          "connectionMiddleware": [
            "auth"
          ],
          "packetMiddleware": []
        }
      }
    },
    "pug": {
      "basedir": "/Users/ccMoving/Desktop/EGG/egg_study/app/view",
      "cache": false,
      "debug": false,
      "compileDebug": true
    },
    "env": "local",
    "name": "egg",
    "keys": "<String len: 22>",
    "proxy": false,
    "maxProxyCount": 0,
    "protocolHeaders": "x-forwarded-proto",
    "ipHeaders": "x-forwarded-for",
    "hostHeaders": "",
    "pkg": {
      "name": "egg",
      "version": "1.0.0",
      "description": "egg",
      "private": true,
      "egg": {
        "declarations": true
      },
      "dependencies": {
        "egg": "^2.24.0",
        "egg-mongoose": "^3.2.0",
        "egg-scripts": "^2.11.1",
        "egg-socket.io": "^4.1.6",
        "egg-view-pug": "^1.0.0",
        "md5": "^2.2.1",
        "moment": "^2.24.0",
        "axios": "^0.19.0",
        "nanoid": "^2.1.5",
        "async": "\\x7e3.1.0"
      },
      "devDependencies": {
        "autod": "^3.1.0",
        "autod-egg": "^1.1.0",
        "egg-bin": "^4.13.0",
        "egg-ci": "^1.13.0",
        "egg-mock": "^3.23.0",
        "eslint": "^6.5.0",
        "eslint-config-egg": "^7.4.0"
      },
      "engines": {
        "node": ">=10.0.0"
      },
      "scripts": {
        "start": "egg-scripts start --daemon --title=egg-sdmanager --sticky",
        "stop": "egg-scripts stop --title=egg-sdmanager",
        "dev": "egg-bin dev --sticky",
        "debug": "egg-bin debug --sticky",
        "test": "npm run lint -- --fix && npm run test-local",
        "test-local": "egg-bin test",
        "cov": "egg-bin cov",
        "lint": "eslint .",
        "ci": "npm run lint && npm run cov",
        "autod": "autod"
      },
      "ci": {
        "version": "10"
      },
      "repository": {
        "type": "git",
        "url": ""
      },
      "author": "zd",
      "license": "MIT"
    },
    "baseDir": "/Users/ccMoving/Desktop/EGG/egg_study",
    "HOME": "/Users/ccMoving",
    "rundir": "/Users/ccMoving/Desktop/EGG/egg_study/run",
    "dump": {
      "ignore": "<Set>"
    },
    "confusedConfigurations": {
      "bodyparser": "bodyParser",
      "notFound": "notfound",
      "sitefile": "siteFile",
      "middlewares": "middleware",
      "httpClient": "httpclient"
    },
    "notfound": {
      "pageUrl": ""
    },
    "siteFile": {
      "/favicon.ico": "<Buffer len: 6463>"
    },
    "bodyParser": {
      "enable": true,
      "encoding": "utf8",
      "formLimit": "1mb",
      "jsonLimit": "1mb",
      "textLimit": "1mb",
      "strict": true,
      "queryString": {
        "arrayLimit": 100,
        "depth": 5,
        "parameterLimit": 1000
      },
      "returnRawBody": true
    },
    "logger": {
      "dir": "/Users/ccMoving/Desktop/EGG/egg_study/logs/egg",
      "encoding": "utf8",
      "env": "local",
      "level": "INFO",
      "consoleLevel": "INFO",
      "disableConsoleAfterReady": false,
      "outputJSON": false,
      "buffer": true,
      "appLogName": "egg-web.log",
      "coreLogName": "egg-web.log",
      "agentLogName": "egg-agent.log",
      "errorLogName": "common-error.log",
      "coreLogger": {
        "consoleLevel": "WARN"
      },
      "allowDebugAtProd": false,
      "type": "application"
    },
    "httpclient": {
      "enableDNSCache": false,
      "dnsCacheLookupInterval": 10000,
      "dnsCacheMaxLength": 1000,
      "request": {
        "timeout": 5000
      },
      "httpAgent": {
        "keepAlive": true,
        "freeSocketTimeout": 4000,
        "maxSockets": 9007199254740991,
        "maxFreeSockets": 256
      },
      "httpsAgent": {
        "keepAlive": true,
        "freeSocketTimeout": 4000,
        "maxSockets": 9007199254740991,
        "maxFreeSockets": 256
      }
    },
    "meta": {
      "enable": true,
      "logging": false
    },
    "coreMiddleware": [
      "meta",
      "siteFile",
      "notfound",
      "static",
      "bodyParser",
      "overrideMethod",
      "session",
      "securities",
      "i18n",
      "eggLoaderTrace"
    ],
    "workerStartTimeout": 600000,
    "serverTimeout": null,
    "cluster": {
      "listen": {
        "path": "",
        "port": 9753,
        "hostname": "0.0.0.0"
      }
    },
    "clusterClient": {
      "maxWaitTime": 60000,
      "responseTimeout": 60000
    },
    "onClientError": null,
    "middleware": [
      "errorHandler",
      "ensureRequest"
    ],
    "passportLocal": {},
    "ignoreUrls": [
      "/post-message",
      "/version",
      "/logout",
      "/",
      "add-channel",
      "/test",
      "/userlist",
      "/smslist",
      "/channel",
      "/usermanager"
    ],
    "upush": {
      "andriodAppKey": "5dafbddc3fc1956ebc000025",
      "andriodappSecret": "<String len: 32>",
      "iosAppKey": "5dafbd5f4ca3572b4c000a3b",
      "iosappSecret": "<String len: 32>"
    },
    "socketKeys": {
      "uploadUMToken": "uploadumtoken",
      "serviceLoginFormOther": "service-logged-in-from-other-device",
      "authentication": "user-authentication",
      "authenticationResult": "authentication-result",
      "chatMessageReceived": "chat-message-received",
      "chatMessage": "chat-message",
      "chatHistory": "chat-history",
      "chatHistoryDelivered": "chat-history-delivered",
      "fetchOnlineUsers": "fetch-online-users",
      "fetchOnlineUsersResult": "fetch-online-users-result",
      "chatMessageDidReceived": "chat-message-did-received",
      "userLoginFromOtherDevice": "user-logged-in-from-other-device",
      "APNSNickname": "系统消息",
      "maxLimitCount": 20
    },
    "coreMiddlewares": "~config~coreMiddleware",
    "appMiddlewares": "~config~middleware",
    "appMiddleware": "~config~middleware",
    "multipartParseOptions": {
      "autoFields": false,
      "defCharset": "utf8",
      "limits": {
        "fieldNameSize": 100,
        "fieldSize": 102400,
        "fields": 10,
        "fileSize": 10485760,
        "files": 10
      },
      "checkFile": "<Function checkFile>"
    }
  },
  "plugins": {
    "session": {
      "enable": true,
      "package": "egg-session",
      "name": "session",
      "dependencies": [],
      "optionalDependencies": [],
      "env": [],
      "from": "/Users/ccMoving/Desktop/EGG/egg_study/node_modules/egg/config/plugin.js",
      "path": "/Users/ccMoving/Desktop/EGG/egg_study/node_modules/egg-session",
      "version": "3.1.0"
    },
    "security": {
      "enable": true,
      "package": "egg-security",
      "name": "security",
      "dependencies": [],
      "optionalDependencies": [
        "session"
      ],
      "env": [],
      "from": "/Users/ccMoving/Desktop/EGG/egg_study/node_modules/egg/config/plugin.js",
      "path": "/Users/ccMoving/Desktop/EGG/egg_study/node_modules/egg-security",
      "version": "2.6.1"
    },
    "jsonp": {
      "enable": true,
      "package": "egg-jsonp",
      "name": "jsonp",
      "dependencies": [],
      "optionalDependencies": [
        "security"
      ],
      "env": [],
      "from": "/Users/ccMoving/Desktop/EGG/egg_study/node_modules/egg/config/plugin.js",
      "path": "/Users/ccMoving/Desktop/EGG/egg_study/node_modules/egg-jsonp",
      "version": "2.0.0"
    },
    "onerror": {
      "enable": true,
      "package": "egg-onerror",
      "name": "onerror",
      "dependencies": [],
      "optionalDependencies": [
        "jsonp"
      ],
      "env": [],
      "from": "/Users/ccMoving/Desktop/EGG/egg_study/node_modules/egg/config/plugin.js",
      "path": "/Users/ccMoving/Desktop/EGG/egg_study/node_modules/egg-onerror",
      "version": "2.1.0"
    },
    "i18n": {
      "enable": true,
      "package": "egg-i18n",
      "name": "i18n",
      "dependencies": [],
      "optionalDependencies": [],
      "env": [],
      "from": "/Users/ccMoving/Desktop/EGG/egg_study/node_modules/egg/config/plugin.js",
      "path": "/Users/ccMoving/Desktop/EGG/egg_study/node_modules/egg-i18n",
      "version": "2.1.1"
    },
    "watcher": {
      "enable": true,
      "package": "egg-watcher",
      "name": "watcher",
      "dependencies": [],
      "optionalDependencies": [],
      "env": [],
      "from": "/Users/ccMoving/Desktop/EGG/egg_study/node_modules/egg/config/plugin.js",
      "path": "/Users/ccMoving/Desktop/EGG/egg_study/node_modules/egg-watcher",
      "version": "3.1.0"
    },
    "schedule": {
      "enable": true,
      "package": "egg-schedule",
      "name": "schedule",
      "dependencies": [],
      "optionalDependencies": [],
      "env": [],
      "from": "/Users/ccMoving/Desktop/EGG/egg_study/node_modules/egg/config/plugin.js",
      "path": "/Users/ccMoving/Desktop/EGG/egg_study/node_modules/egg-schedule",
      "version": "3.6.4"
    },
    "multipart": {
      "enable": true,
      "package": "egg-multipart",
      "name": "multipart",
      "dependencies": [],
      "optionalDependencies": [
        "schedule"
      ],
      "env": [],
      "from": "/Users/ccMoving/Desktop/EGG/egg_study/node_modules/egg/config/plugin.js",
      "path": "/Users/ccMoving/Desktop/EGG/egg_study/node_modules/egg-multipart",
      "version": "2.9.0"
    },
    "development": {
      "enable": true,
      "package": "egg-development",
      "name": "development",
      "dependencies": [
        "watcher"
      ],
      "optionalDependencies": [],
      "env": [
        "local"
      ],
      "from": "/Users/ccMoving/Desktop/EGG/egg_study/node_modules/egg/config/plugin.js",
      "path": "/Users/ccMoving/Desktop/EGG/egg_study/node_modules/egg-development",
      "version": "2.4.3"
    },
    "logrotator": {
      "enable": true,
      "package": "egg-logrotator",
      "name": "logrotator",
      "dependencies": [
        "schedule"
      ],
      "optionalDependencies": [],
      "env": [],
      "from": "/Users/ccMoving/Desktop/EGG/egg_study/node_modules/egg/config/plugin.js",
      "path": "/Users/ccMoving/Desktop/EGG/egg_study/node_modules/egg-logrotator",
      "version": "3.1.0"
    },
    "static": {
      "enable": true,
      "package": "egg-static",
      "name": "static",
      "dependencies": [],
      "optionalDependencies": [],
      "env": [],
      "from": "/Users/ccMoving/Desktop/EGG/egg_study/config/plugin.js",
      "path": "/Users/ccMoving/Desktop/EGG/egg_study/node_modules/egg-static",
      "version": "2.2.0"
    },
    "view": {
      "enable": true,
      "package": "egg-view",
      "name": "view",
      "dependencies": [],
      "optionalDependencies": [],
      "env": [],
      "from": "/Users/ccMoving/Desktop/EGG/egg_study/node_modules/egg/config/plugin.js",
      "path": "/Users/ccMoving/Desktop/EGG/egg_study/node_modules/egg-view",
      "version": "2.1.2"
    },
    "mongoose": {
      "enable": true,
      "package": "egg-mongoose",
      "name": "mongoose",
      "dependencies": [],
      "optionalDependencies": [],
      "env": [],
      "from": "/Users/ccMoving/Desktop/EGG/egg_study/config/plugin.js",
      "path": "/Users/ccMoving/Desktop/EGG/egg_study/node_modules/egg-mongoose",
      "version": "3.2.0"
    },
    "io": {
      "enable": true,
      "package": "egg-socket.io",
      "name": "io",
      "dependencies": [
        "session"
      ],
      "optionalDependencies": [],
      "env": [],
      "from": "/Users/ccMoving/Desktop/EGG/egg_study/config/plugin.js",
      "path": "/Users/ccMoving/Desktop/EGG/egg_study/node_modules/egg-socket.io",
      "version": "4.1.6"
    },
    "pug": {
      "enable": true,
      "package": "egg-view-pug",
      "name": "pug",
      "dependencies": [
        "view"
      ],
      "optionalDependencies": [],
      "env": [],
      "from": "/Users/ccMoving/Desktop/EGG/egg_study/config/plugin.js",
      "path": "/Users/ccMoving/Desktop/EGG/egg_study/node_modules/egg-view-pug",
      "version": "1.0.0"
    }
  }
}