[
  {
    "name": "Application Start",
    "start": 1571896455628,
    "end": 1571896457579,
    "duration": 1951,
    "pid": 32889,
    "index": 0
  },
  {
    "name": "Load Plugin",
    "start": 1571896455646,
    "end": 1571896455656,
    "duration": 10,
    "pid": 32889,
    "index": 1
  },
  {
    "name": "Load Config",
    "start": 1571896455656,
    "end": 1571896455671,
    "duration": 15,
    "pid": 32889,
    "index": 2
  },
  {
    "name": "Require(0) config/config.default.js",
    "start": 1571896455656,
    "end": 1571896455656,
    "duration": 0,
    "pid": 32889,
    "index": 3
  },
  {
    "name": "Require(1) node_modules/egg-session/config/config.default.js",
    "start": 1571896455659,
    "end": 1571896455659,
    "duration": 0,
    "pid": 32889,
    "index": 4
  },
  {
    "name": "Require(2) node_modules/egg-security/config/config.default.js",
    "start": 1571896455659,
    "end": 1571896455660,
    "duration": 1,
    "pid": 32889,
    "index": 5
  },
  {
    "name": "Require(3) node_modules/egg-jsonp/config/config.default.js",
    "start": 1571896455660,
    "end": 1571896455660,
    "duration": 0,
    "pid": 32889,
    "index": 6
  },
  {
    "name": "Require(4) node_modules/egg-onerror/config/config.default.js",
    "start": 1571896455661,
    "end": 1571896455661,
    "duration": 0,
    "pid": 32889,
    "index": 7
  },
  {
    "name": "Require(5) node_modules/egg-i18n/config/config.default.js",
    "start": 1571896455661,
    "end": 1571896455661,
    "duration": 0,
    "pid": 32889,
    "index": 8
  },
  {
    "name": "Require(6) node_modules/egg-watcher/config/config.default.js",
    "start": 1571896455662,
    "end": 1571896455662,
    "duration": 0,
    "pid": 32889,
    "index": 9
  },
  {
    "name": "Require(7) node_modules/egg-schedule/config/config.default.js",
    "start": 1571896455662,
    "end": 1571896455662,
    "duration": 0,
    "pid": 32889,
    "index": 10
  },
  {
    "name": "Require(8) node_modules/egg-multipart/config/config.default.js",
    "start": 1571896455662,
    "end": 1571896455663,
    "duration": 1,
    "pid": 32889,
    "index": 11
  },
  {
    "name": "Require(9) node_modules/egg-development/config/config.default.js",
    "start": 1571896455663,
    "end": 1571896455663,
    "duration": 0,
    "pid": 32889,
    "index": 12
  },
  {
    "name": "Require(10) node_modules/egg-logrotator/config/config.default.js",
    "start": 1571896455663,
    "end": 1571896455664,
    "duration": 1,
    "pid": 32889,
    "index": 13
  },
  {
    "name": "Require(11) node_modules/egg-static/config/config.default.js",
    "start": 1571896455664,
    "end": 1571896455665,
    "duration": 1,
    "pid": 32889,
    "index": 14
  },
  {
    "name": "Require(12) node_modules/egg-view/config/config.default.js",
    "start": 1571896455665,
    "end": 1571896455666,
    "duration": 1,
    "pid": 32889,
    "index": 15
  },
  {
    "name": "Require(13) node_modules/egg-mongoose/config/config.default.js",
    "start": 1571896455666,
    "end": 1571896455666,
    "duration": 0,
    "pid": 32889,
    "index": 16
  },
  {
    "name": "Require(14) node_modules/egg-socket.io/config/config.default.js",
    "start": 1571896455666,
    "end": 1571896455666,
    "duration": 0,
    "pid": 32889,
    "index": 17
  },
  {
    "name": "Require(15) node_modules/egg-view-pug/config/config.default.js",
    "start": 1571896455667,
    "end": 1571896455667,
    "duration": 0,
    "pid": 32889,
    "index": 18
  },
  {
    "name": "Require(16) node_modules/egg/config/config.default.js",
    "start": 1571896455667,
    "end": 1571896455667,
    "duration": 0,
    "pid": 32889,
    "index": 19
  },
  {
    "name": "Require(17) config/config.default.js",
    "start": 1571896455668,
    "end": 1571896455668,
    "duration": 0,
    "pid": 32889,
    "index": 20
  },
  {
    "name": "Require(18) node_modules/egg-security/config/config.local.js",
    "start": 1571896455669,
    "end": 1571896455669,
    "duration": 0,
    "pid": 32889,
    "index": 21
  },
  {
    "name": "Require(19) node_modules/egg-watcher/config/config.local.js",
    "start": 1571896455669,
    "end": 1571896455670,
    "duration": 1,
    "pid": 32889,
    "index": 22
  },
  {
    "name": "Require(20) node_modules/egg-view/config/config.local.js",
    "start": 1571896455670,
    "end": 1571896455670,
    "duration": 0,
    "pid": 32889,
    "index": 23
  },
  {
    "name": "Require(21) node_modules/egg-view-pug/config/config.local.js",
    "start": 1571896455670,
    "end": 1571896455671,
    "duration": 1,
    "pid": 32889,
    "index": 24
  },
  {
    "name": "Require(22) node_modules/egg/config/config.local.js",
    "start": 1571896455671,
    "end": 1571896455671,
    "duration": 0,
    "pid": 32889,
    "index": 25
  },
  {
    "name": "Load extend/application.js",
    "start": 1571896455672,
    "end": 1571896455732,
    "duration": 60,
    "pid": 32889,
    "index": 26
  },
  {
    "name": "Require(23) node_modules/egg-session/app/extend/application.js",
    "start": 1571896455672,
    "end": 1571896455673,
    "duration": 1,
    "pid": 32889,
    "index": 27
  },
  {
    "name": "Require(24) node_modules/egg-security/app/extend/application.js",
    "start": 1571896455673,
    "end": 1571896455673,
    "duration": 0,
    "pid": 32889,
    "index": 28
  },
  {
    "name": "Require(25) node_modules/egg-jsonp/app/extend/application.js",
    "start": 1571896455674,
    "end": 1571896455685,
    "duration": 11,
    "pid": 32889,
    "index": 29
  },
  {
    "name": "Require(26) node_modules/egg-logrotator/app/extend/application.js",
    "start": 1571896455686,
    "end": 1571896455694,
    "duration": 8,
    "pid": 32889,
    "index": 30
  },
  {
    "name": "Require(27) node_modules/egg-view/app/extend/application.js",
    "start": 1571896455694,
    "end": 1571896455694,
    "duration": 0,
    "pid": 32889,
    "index": 31
  },
  {
    "name": "Require(28) node_modules/egg-socket.io/app/extend/application.js",
    "start": 1571896455695,
    "end": 1571896455730,
    "duration": 35,
    "pid": 32889,
    "index": 32
  },
  {
    "name": "Load extend/request.js",
    "start": 1571896455732,
    "end": 1571896455736,
    "duration": 4,
    "pid": 32889,
    "index": 33
  },
  {
    "name": "Require(29) node_modules/egg/app/extend/request.js",
    "start": 1571896455733,
    "end": 1571896455733,
    "duration": 0,
    "pid": 32889,
    "index": 34
  },
  {
    "name": "Load extend/response.js",
    "start": 1571896455736,
    "end": 1571896455783,
    "duration": 47,
    "pid": 32889,
    "index": 35
  },
  {
    "name": "Require(30) node_modules/egg/app/extend/response.js",
    "start": 1571896455737,
    "end": 1571896455738,
    "duration": 1,
    "pid": 32889,
    "index": 36
  },
  {
    "name": "Load extend/context.js",
    "start": 1571896455783,
    "end": 1571896455832,
    "duration": 49,
    "pid": 32889,
    "index": 37
  },
  {
    "name": "Require(31) node_modules/egg-security/app/extend/context.js",
    "start": 1571896455783,
    "end": 1571896455801,
    "duration": 18,
    "pid": 32889,
    "index": 38
  },
  {
    "name": "Require(32) node_modules/egg-jsonp/app/extend/context.js",
    "start": 1571896455801,
    "end": 1571896455802,
    "duration": 1,
    "pid": 32889,
    "index": 39
  },
  {
    "name": "Require(33) node_modules/egg-i18n/app/extend/context.js",
    "start": 1571896455802,
    "end": 1571896455802,
    "duration": 0,
    "pid": 32889,
    "index": 40
  },
  {
    "name": "Require(34) node_modules/egg-multipart/app/extend/context.js",
    "start": 1571896455803,
    "end": 1571896455829,
    "duration": 26,
    "pid": 32889,
    "index": 41
  },
  {
    "name": "Require(35) node_modules/egg-view/app/extend/context.js",
    "start": 1571896455829,
    "end": 1571896455830,
    "duration": 1,
    "pid": 32889,
    "index": 42
  },
  {
    "name": "Require(36) node_modules/egg-mongoose/app/extend/context.js",
    "start": 1571896455830,
    "end": 1571896455830,
    "duration": 0,
    "pid": 32889,
    "index": 43
  },
  {
    "name": "Require(37) node_modules/egg/app/extend/context.js",
    "start": 1571896455830,
    "end": 1571896455831,
    "duration": 1,
    "pid": 32889,
    "index": 44
  },
  {
    "name": "Load extend/helper.js",
    "start": 1571896455832,
    "end": 1571896455848,
    "duration": 16,
    "pid": 32889,
    "index": 45
  },
  {
    "name": "Require(38) node_modules/egg-security/app/extend/helper.js",
    "start": 1571896455833,
    "end": 1571896455845,
    "duration": 12,
    "pid": 32889,
    "index": 46
  },
  {
    "name": "Require(39) node_modules/egg/app/extend/helper.js",
    "start": 1571896455847,
    "end": 1571896455847,
    "duration": 0,
    "pid": 32889,
    "index": 47
  },
  {
    "name": "Load app.js",
    "start": 1571896455849,
    "end": 1571896456569,
    "duration": 720,
    "pid": 32889,
    "index": 48
  },
  {
    "name": "Require(40) node_modules/egg-session/app.js",
    "start": 1571896455849,
    "end": 1571896455849,
    "duration": 0,
    "pid": 32889,
    "index": 49
  },
  {
    "name": "Require(41) node_modules/egg-security/app.js",
    "start": 1571896455849,
    "end": 1571896455850,
    "duration": 1,
    "pid": 32889,
    "index": 50
  },
  {
    "name": "Require(42) node_modules/egg-onerror/app.js",
    "start": 1571896455850,
    "end": 1571896455855,
    "duration": 5,
    "pid": 32889,
    "index": 51
  },
  {
    "name": "Require(43) node_modules/egg-i18n/app.js",
    "start": 1571896455856,
    "end": 1571896455861,
    "duration": 5,
    "pid": 32889,
    "index": 52
  },
  {
    "name": "Require(44) node_modules/egg-watcher/app.js",
    "start": 1571896455861,
    "end": 1571896455863,
    "duration": 2,
    "pid": 32889,
    "index": 53
  },
  {
    "name": "Require(45) node_modules/egg-schedule/app.js",
    "start": 1571896455863,
    "end": 1571896455863,
    "duration": 0,
    "pid": 32889,
    "index": 54
  },
  {
    "name": "Require(46) node_modules/egg-multipart/app.js",
    "start": 1571896455864,
    "end": 1571896455865,
    "duration": 1,
    "pid": 32889,
    "index": 55
  },
  {
    "name": "Require(47) node_modules/egg-development/app.js",
    "start": 1571896455865,
    "end": 1571896455866,
    "duration": 1,
    "pid": 32889,
    "index": 56
  },
  {
    "name": "Require(48) node_modules/egg-logrotator/app.js",
    "start": 1571896455866,
    "end": 1571896455866,
    "duration": 0,
    "pid": 32889,
    "index": 57
  },
  {
    "name": "Require(49) node_modules/egg-static/app.js",
    "start": 1571896455866,
    "end": 1571896455866,
    "duration": 0,
    "pid": 32889,
    "index": 58
  },
  {
    "name": "Require(50) node_modules/egg-mongoose/app.js",
    "start": 1571896455867,
    "end": 1571896455867,
    "duration": 0,
    "pid": 32889,
    "index": 59
  },
  {
    "name": "Require(51) node_modules/egg-socket.io/app.js",
    "start": 1571896455867,
    "end": 1571896455916,
    "duration": 49,
    "pid": 32889,
    "index": 60
  },
  {
    "name": "Require(52) node_modules/egg-view-pug/app.js",
    "start": 1571896455916,
    "end": 1571896456569,
    "duration": 653,
    "pid": 32889,
    "index": 61
  },
  {
    "name": "Before Start in node_modules/egg-watcher/lib/init.js:15:14",
    "start": 1571896456597,
    "end": 1571896457495,
    "duration": 898,
    "pid": 32889,
    "index": 62
  },
  {
    "name": "Before Start in node_modules/egg-mongoose/lib/mongoose.js:91:7",
    "start": 1571896457192,
    "end": 1571896457576,
    "duration": 384,
    "pid": 32889,
    "index": 63
  },
  {
    "name": "Before Start in node_modules/egg-mongoose/lib/mongoose.js:49:9",
    "start": 1571896457192,
    "end": 1571896457484,
    "duration": 292,
    "pid": 32889,
    "index": 64
  },
  {
    "name": "Load Controller",
    "start": 1571896457229,
    "end": 1571896457452,
    "duration": 223,
    "pid": 32889,
    "index": 65
  },
  {
    "name": "Load \"controller\" to Application",
    "start": 1571896457229,
    "end": 1571896457452,
    "duration": 223,
    "pid": 32889,
    "index": 66
  },
  {
    "name": "Before Start in node_modules/egg-socket.io/lib/io.js:26:7",
    "start": 1571896457237,
    "end": 1571896457484,
    "duration": 247,
    "pid": 32889,
    "index": 67
  },
  {
    "name": "Load Service",
    "start": 1571896457238,
    "end": 1571896457340,
    "duration": 102,
    "pid": 32889,
    "index": 68
  },
  {
    "name": "Load \"service\" to Context",
    "start": 1571896457238,
    "end": 1571896457340,
    "duration": 102,
    "pid": 32889,
    "index": 69
  },
  {
    "name": "Load Middleware",
    "start": 1571896457340,
    "end": 1571896457452,
    "duration": 112,
    "pid": 32889,
    "index": 70
  },
  {
    "name": "Load \"middlewares\" to Application",
    "start": 1571896457340,
    "end": 1571896457446,
    "duration": 106,
    "pid": 32889,
    "index": 71
  },
  {
    "name": "Load Controller",
    "start": 1571896457452,
    "end": 1571896457455,
    "duration": 3,
    "pid": 32889,
    "index": 72
  },
  {
    "name": "Load \"controller\" to Application",
    "start": 1571896457452,
    "end": 1571896457455,
    "duration": 3,
    "pid": 32889,
    "index": 73
  },
  {
    "name": "Load Router",
    "start": 1571896457455,
    "end": 1571896457457,
    "duration": 2,
    "pid": 32889,
    "index": 74
  },
  {
    "name": "Require(53) app/router.js",
    "start": 1571896457455,
    "end": 1571896457455,
    "duration": 0,
    "pid": 32889,
    "index": 75
  },
  {
    "name": "Before Start in node_modules/egg-core/lib/egg.js:303:10",
    "start": 1571896457456,
    "end": 1571896457484,
    "duration": 28,
    "pid": 32889,
    "index": 76
  },
  {
    "name": "Load \"model\" to Application",
    "start": 1571896457466,
    "end": 1571896457483,
    "duration": 17,
    "pid": 32889,
    "index": 77
  }
]