[
  {
    "name": "Application Start",
    "start": 1571896455707,
    "end": 1571896457591,
    "duration": 1884,
    "pid": 32895,
    "index": 0
  },
  {
    "name": "Load Plugin",
    "start": 1571896455742,
    "end": 1571896455754,
    "duration": 12,
    "pid": 32895,
    "index": 1
  },
  {
    "name": "Load Config",
    "start": 1571896455754,
    "end": 1571896455793,
    "duration": 39,
    "pid": 32895,
    "index": 2
  },
  {
    "name": "Require(0) config/config.default.js",
    "start": 1571896455754,
    "end": 1571896455755,
    "duration": 1,
    "pid": 32895,
    "index": 3
  },
  {
    "name": "Require(1) node_modules/egg-session/config/config.default.js",
    "start": 1571896455780,
    "end": 1571896455780,
    "duration": 0,
    "pid": 32895,
    "index": 4
  },
  {
    "name": "Require(2) node_modules/egg-security/config/config.default.js",
    "start": 1571896455781,
    "end": 1571896455781,
    "duration": 0,
    "pid": 32895,
    "index": 5
  },
  {
    "name": "Require(3) node_modules/egg-jsonp/config/config.default.js",
    "start": 1571896455782,
    "end": 1571896455782,
    "duration": 0,
    "pid": 32895,
    "index": 6
  },
  {
    "name": "Require(4) node_modules/egg-onerror/config/config.default.js",
    "start": 1571896455782,
    "end": 1571896455782,
    "duration": 0,
    "pid": 32895,
    "index": 7
  },
  {
    "name": "Require(5) node_modules/egg-i18n/config/config.default.js",
    "start": 1571896455783,
    "end": 1571896455783,
    "duration": 0,
    "pid": 32895,
    "index": 8
  },
  {
    "name": "Require(6) node_modules/egg-watcher/config/config.default.js",
    "start": 1571896455783,
    "end": 1571896455783,
    "duration": 0,
    "pid": 32895,
    "index": 9
  },
  {
    "name": "Require(7) node_modules/egg-schedule/config/config.default.js",
    "start": 1571896455783,
    "end": 1571896455784,
    "duration": 1,
    "pid": 32895,
    "index": 10
  },
  {
    "name": "Require(8) node_modules/egg-multipart/config/config.default.js",
    "start": 1571896455784,
    "end": 1571896455784,
    "duration": 0,
    "pid": 32895,
    "index": 11
  },
  {
    "name": "Require(9) node_modules/egg-development/config/config.default.js",
    "start": 1571896455785,
    "end": 1571896455786,
    "duration": 1,
    "pid": 32895,
    "index": 12
  },
  {
    "name": "Require(10) node_modules/egg-logrotator/config/config.default.js",
    "start": 1571896455786,
    "end": 1571896455786,
    "duration": 0,
    "pid": 32895,
    "index": 13
  },
  {
    "name": "Require(11) node_modules/egg-static/config/config.default.js",
    "start": 1571896455786,
    "end": 1571896455786,
    "duration": 0,
    "pid": 32895,
    "index": 14
  },
  {
    "name": "Require(12) node_modules/egg-view/config/config.default.js",
    "start": 1571896455787,
    "end": 1571896455787,
    "duration": 0,
    "pid": 32895,
    "index": 15
  },
  {
    "name": "Require(13) node_modules/egg-mongoose/config/config.default.js",
    "start": 1571896455787,
    "end": 1571896455787,
    "duration": 0,
    "pid": 32895,
    "index": 16
  },
  {
    "name": "Require(14) node_modules/egg-socket.io/config/config.default.js",
    "start": 1571896455788,
    "end": 1571896455788,
    "duration": 0,
    "pid": 32895,
    "index": 17
  },
  {
    "name": "Require(15) node_modules/egg-view-pug/config/config.default.js",
    "start": 1571896455788,
    "end": 1571896455788,
    "duration": 0,
    "pid": 32895,
    "index": 18
  },
  {
    "name": "Require(16) node_modules/egg/config/config.default.js",
    "start": 1571896455789,
    "end": 1571896455789,
    "duration": 0,
    "pid": 32895,
    "index": 19
  },
  {
    "name": "Require(17) config/config.default.js",
    "start": 1571896455790,
    "end": 1571896455790,
    "duration": 0,
    "pid": 32895,
    "index": 20
  },
  {
    "name": "Require(18) node_modules/egg-security/config/config.local.js",
    "start": 1571896455791,
    "end": 1571896455791,
    "duration": 0,
    "pid": 32895,
    "index": 21
  },
  {
    "name": "Require(19) node_modules/egg-watcher/config/config.local.js",
    "start": 1571896455791,
    "end": 1571896455791,
    "duration": 0,
    "pid": 32895,
    "index": 22
  },
  {
    "name": "Require(20) node_modules/egg-view/config/config.local.js",
    "start": 1571896455792,
    "end": 1571896455792,
    "duration": 0,
    "pid": 32895,
    "index": 23
  },
  {
    "name": "Require(21) node_modules/egg-view-pug/config/config.local.js",
    "start": 1571896455792,
    "end": 1571896455792,
    "duration": 0,
    "pid": 32895,
    "index": 24
  },
  {
    "name": "Require(22) node_modules/egg/config/config.local.js",
    "start": 1571896455792,
    "end": 1571896455793,
    "duration": 1,
    "pid": 32895,
    "index": 25
  },
  {
    "name": "Load extend/application.js",
    "start": 1571896455794,
    "end": 1571896455926,
    "duration": 132,
    "pid": 32895,
    "index": 26
  },
  {
    "name": "Require(23) node_modules/egg-session/app/extend/application.js",
    "start": 1571896455794,
    "end": 1571896455794,
    "duration": 0,
    "pid": 32895,
    "index": 27
  },
  {
    "name": "Require(24) node_modules/egg-security/app/extend/application.js",
    "start": 1571896455794,
    "end": 1571896455795,
    "duration": 1,
    "pid": 32895,
    "index": 28
  },
  {
    "name": "Require(25) node_modules/egg-jsonp/app/extend/application.js",
    "start": 1571896455795,
    "end": 1571896455796,
    "duration": 1,
    "pid": 32895,
    "index": 29
  },
  {
    "name": "Require(26) node_modules/egg-logrotator/app/extend/application.js",
    "start": 1571896455796,
    "end": 1571896455799,
    "duration": 3,
    "pid": 32895,
    "index": 30
  },
  {
    "name": "Require(27) node_modules/egg-view/app/extend/application.js",
    "start": 1571896455799,
    "end": 1571896455800,
    "duration": 1,
    "pid": 32895,
    "index": 31
  },
  {
    "name": "Require(28) node_modules/egg-socket.io/app/extend/application.js",
    "start": 1571896455800,
    "end": 1571896455918,
    "duration": 118,
    "pid": 32895,
    "index": 32
  },
  {
    "name": "Load extend/request.js",
    "start": 1571896455926,
    "end": 1571896455929,
    "duration": 3,
    "pid": 32895,
    "index": 33
  },
  {
    "name": "Require(29) node_modules/egg/app/extend/request.js",
    "start": 1571896455927,
    "end": 1571896455928,
    "duration": 1,
    "pid": 32895,
    "index": 34
  },
  {
    "name": "Load extend/response.js",
    "start": 1571896455929,
    "end": 1571896455932,
    "duration": 3,
    "pid": 32895,
    "index": 35
  },
  {
    "name": "Require(30) node_modules/egg/app/extend/response.js",
    "start": 1571896455931,
    "end": 1571896455931,
    "duration": 0,
    "pid": 32895,
    "index": 36
  },
  {
    "name": "Load extend/context.js",
    "start": 1571896455933,
    "end": 1571896456086,
    "duration": 153,
    "pid": 32895,
    "index": 37
  },
  {
    "name": "Require(31) node_modules/egg-security/app/extend/context.js",
    "start": 1571896455933,
    "end": 1571896455940,
    "duration": 7,
    "pid": 32895,
    "index": 38
  },
  {
    "name": "Require(32) node_modules/egg-jsonp/app/extend/context.js",
    "start": 1571896455940,
    "end": 1571896455941,
    "duration": 1,
    "pid": 32895,
    "index": 39
  },
  {
    "name": "Require(33) node_modules/egg-i18n/app/extend/context.js",
    "start": 1571896455941,
    "end": 1571896456002,
    "duration": 61,
    "pid": 32895,
    "index": 40
  },
  {
    "name": "Require(34) node_modules/egg-multipart/app/extend/context.js",
    "start": 1571896456002,
    "end": 1571896456082,
    "duration": 80,
    "pid": 32895,
    "index": 41
  },
  {
    "name": "Require(35) node_modules/egg-view/app/extend/context.js",
    "start": 1571896456083,
    "end": 1571896456083,
    "duration": 0,
    "pid": 32895,
    "index": 42
  },
  {
    "name": "Require(36) node_modules/egg-mongoose/app/extend/context.js",
    "start": 1571896456083,
    "end": 1571896456083,
    "duration": 0,
    "pid": 32895,
    "index": 43
  },
  {
    "name": "Require(37) node_modules/egg/app/extend/context.js",
    "start": 1571896456084,
    "end": 1571896456084,
    "duration": 0,
    "pid": 32895,
    "index": 44
  },
  {
    "name": "Load extend/helper.js",
    "start": 1571896456086,
    "end": 1571896456101,
    "duration": 15,
    "pid": 32895,
    "index": 45
  },
  {
    "name": "Require(38) node_modules/egg-security/app/extend/helper.js",
    "start": 1571896456086,
    "end": 1571896456099,
    "duration": 13,
    "pid": 32895,
    "index": 46
  },
  {
    "name": "Require(39) node_modules/egg/app/extend/helper.js",
    "start": 1571896456100,
    "end": 1571896456100,
    "duration": 0,
    "pid": 32895,
    "index": 47
  },
  {
    "name": "Load app.js",
    "start": 1571896456101,
    "end": 1571896456715,
    "duration": 614,
    "pid": 32895,
    "index": 48
  },
  {
    "name": "Require(40) node_modules/egg-session/app.js",
    "start": 1571896456101,
    "end": 1571896456102,
    "duration": 1,
    "pid": 32895,
    "index": 49
  },
  {
    "name": "Require(41) node_modules/egg-security/app.js",
    "start": 1571896456102,
    "end": 1571896456103,
    "duration": 1,
    "pid": 32895,
    "index": 50
  },
  {
    "name": "Require(42) node_modules/egg-onerror/app.js",
    "start": 1571896456103,
    "end": 1571896456131,
    "duration": 28,
    "pid": 32895,
    "index": 51
  },
  {
    "name": "Require(43) node_modules/egg-i18n/app.js",
    "start": 1571896456131,
    "end": 1571896456135,
    "duration": 4,
    "pid": 32895,
    "index": 52
  },
  {
    "name": "Require(44) node_modules/egg-watcher/app.js",
    "start": 1571896456135,
    "end": 1571896456136,
    "duration": 1,
    "pid": 32895,
    "index": 53
  },
  {
    "name": "Require(45) node_modules/egg-schedule/app.js",
    "start": 1571896456136,
    "end": 1571896456138,
    "duration": 2,
    "pid": 32895,
    "index": 54
  },
  {
    "name": "Require(46) node_modules/egg-multipart/app.js",
    "start": 1571896456138,
    "end": 1571896456139,
    "duration": 1,
    "pid": 32895,
    "index": 55
  },
  {
    "name": "Require(47) node_modules/egg-development/app.js",
    "start": 1571896456139,
    "end": 1571896456139,
    "duration": 0,
    "pid": 32895,
    "index": 56
  },
  {
    "name": "Require(48) node_modules/egg-logrotator/app.js",
    "start": 1571896456139,
    "end": 1571896456139,
    "duration": 0,
    "pid": 32895,
    "index": 57
  },
  {
    "name": "Require(49) node_modules/egg-static/app.js",
    "start": 1571896456139,
    "end": 1571896456140,
    "duration": 1,
    "pid": 32895,
    "index": 58
  },
  {
    "name": "Require(50) node_modules/egg-mongoose/app.js",
    "start": 1571896456140,
    "end": 1571896456140,
    "duration": 0,
    "pid": 32895,
    "index": 59
  },
  {
    "name": "Require(51) node_modules/egg-socket.io/app.js",
    "start": 1571896456140,
    "end": 1571896456290,
    "duration": 150,
    "pid": 32895,
    "index": 60
  },
  {
    "name": "Require(52) node_modules/egg-view-pug/app.js",
    "start": 1571896456290,
    "end": 1571896456714,
    "duration": 424,
    "pid": 32895,
    "index": 61
  },
  {
    "name": "Before Start in node_modules/egg-watcher/lib/init.js:15:14",
    "start": 1571896456726,
    "end": 1571896457468,
    "duration": 742,
    "pid": 32895,
    "index": 62
  },
  {
    "name": "Before Start in node_modules/egg-mongoose/lib/mongoose.js:91:7",
    "start": 1571896457094,
    "end": 1571896457574,
    "duration": 480,
    "pid": 32895,
    "index": 63
  },
  {
    "name": "Before Start in node_modules/egg-mongoose/lib/mongoose.js:49:9",
    "start": 1571896457094,
    "end": 1571896457442,
    "duration": 348,
    "pid": 32895,
    "index": 64
  },
  {
    "name": "Load Controller",
    "start": 1571896457139,
    "end": 1571896457338,
    "duration": 199,
    "pid": 32895,
    "index": 65
  },
  {
    "name": "Load \"controller\" to Application",
    "start": 1571896457139,
    "end": 1571896457338,
    "duration": 199,
    "pid": 32895,
    "index": 66
  },
  {
    "name": "Before Start in node_modules/egg-socket.io/lib/io.js:26:7",
    "start": 1571896457147,
    "end": 1571896457442,
    "duration": 295,
    "pid": 32895,
    "index": 67
  },
  {
    "name": "Load Service",
    "start": 1571896457148,
    "end": 1571896457226,
    "duration": 78,
    "pid": 32895,
    "index": 68
  },
  {
    "name": "Load \"service\" to Context",
    "start": 1571896457148,
    "end": 1571896457226,
    "duration": 78,
    "pid": 32895,
    "index": 69
  },
  {
    "name": "Load Middleware",
    "start": 1571896457226,
    "end": 1571896457338,
    "duration": 112,
    "pid": 32895,
    "index": 70
  },
  {
    "name": "Load \"middlewares\" to Application",
    "start": 1571896457226,
    "end": 1571896457319,
    "duration": 93,
    "pid": 32895,
    "index": 71
  },
  {
    "name": "Load Controller",
    "start": 1571896457338,
    "end": 1571896457340,
    "duration": 2,
    "pid": 32895,
    "index": 72
  },
  {
    "name": "Load \"controller\" to Application",
    "start": 1571896457338,
    "end": 1571896457340,
    "duration": 2,
    "pid": 32895,
    "index": 73
  },
  {
    "name": "Load Router",
    "start": 1571896457340,
    "end": 1571896457343,
    "duration": 3,
    "pid": 32895,
    "index": 74
  },
  {
    "name": "Require(53) app/router.js",
    "start": 1571896457341,
    "end": 1571896457341,
    "duration": 0,
    "pid": 32895,
    "index": 75
  },
  {
    "name": "Before Start in node_modules/egg-core/lib/egg.js:303:10",
    "start": 1571896457341,
    "end": 1571896457442,
    "duration": 101,
    "pid": 32895,
    "index": 76
  },
  {
    "name": "Load \"model\" to Application",
    "start": 1571896457413,
    "end": 1571896457440,
    "duration": 27,
    "pid": 32895,
    "index": 77
  }
]